Shipped,Wasted,Stockouts,% Waste,% Stockouts,Reward,item_nbr
124,84.0,6.0,67.74193548387096,4.838709677419355,-90.0,1036689
