Shipped,Wasted,Stockouts,% Waste,% Stockouts,Reward,item_nbr
148,122.0,6.0,82.43243243243244,4.054054054054054,-128.0,1036689
