Shipped,Wasted,Stockouts,% Waste,% Stockouts,Reward,item_nbr
117.0,90.0,41.0,76.92307692307693,35.04273504273504,-131.0,1037857
