Shipped,Wasted,Stockouts,% Waste,% Stockouts,Reward,item_nbr
170.0,112.0,11.0,65.88235294117646,6.470588235294119,-123.0,1047690
