Shipped,Wasted,Stockouts,% Waste,% Stockouts,Reward,item_nbr
561.0,352.0,7.0,62.745098039215684,1.2477718360071302,-359.0,1047679
