Shipped,Wasted,Stockouts,% Waste,% Stockouts,Reward,item_nbr
111.0,47.0,2.0,42.34234234234234,1.8018018018018018,-49.0,1047685
