Shipped,Wasted,Stockouts,% Waste,% Stockouts,Reward,item_nbr
246.0,87.0,117.0,35.36585365853659,47.5609756097561,-204.0,1052563
