Shipped,Wasted,Stockouts,% Waste,% Stockouts,Reward,item_nbr
180.0,86.0,67.0,47.77777777777778,37.22222222222222,-153.0,1114566
