Shipped,Wasted,Stockouts,% Waste,% Stockouts,Reward,item_nbr
215.0,133.0,48.0,61.86046511627907,22.325581395348838,-181.0,1146786
