Shipped,Wasted,Stockouts,% Waste,% Stockouts,Reward,item_nbr
190.0,45.0,4.0,23.684210526315788,2.1052631578947367,-49.0,1146496
