Shipped,Wasted,Stockouts,% Waste,% Stockouts,Reward,item_nbr
117.0,69.0,2.0,58.97435897435898,1.7094017094017095,-71.0,1157564
