Shipped,Wasted,Stockouts,% Waste,% Stockouts,Reward,item_nbr
144,145.0,22.0,100.69444444444444,15.277777777777779,-167.0,116017
