Shipped,Wasted,Stockouts,% Waste,% Stockouts,Reward,item_nbr
430.0,232.0,122.0,53.95348837209303,28.37209302325581,-354.0,1167614
