Shipped,Wasted,Stockouts,% Waste,% Stockouts,Reward,item_nbr
247.0,119.0,33.0,48.178137651821864,13.360323886639677,-152.0,1305845
