Shipped,Wasted,Stockouts,% Waste,% Stockouts,Reward,item_nbr
202.0,132.0,3.0,65.34653465346535,1.4851485148514851,-135.0,1309297
