Shipped,Wasted,Stockouts,% Waste,% Stockouts,Reward,item_nbr
268.0,130.0,79.0,48.507462686567166,29.47761194029851,-209.0,1427659
