Shipped,Wasted,Stockouts,% Waste,% Stockouts,Reward,item_nbr
180,352.0,19.0,195.55555555555554,10.555555555555555,-371.0,1427659
