Shipped,Wasted,Stockouts,% Waste,% Stockouts,Reward,item_nbr
301.0,231.0,1.0,76.74418604651163,0.33222591362126247,-232.0,1430040
