Shipped,Wasted,Stockouts,% Waste,% Stockouts,Reward,item_nbr
255.0,121.0,8.0,47.45098039215686,3.1372549019607843,-129.0,1463862
