Shipped,Wasted,Stockouts,% Waste,% Stockouts,Reward,item_nbr
211,165.0,27.0,78.19905213270142,12.796208530805686,-192.0,1463867
