Shipped,Wasted,Stockouts,% Waste,% Stockouts,Reward,item_nbr
253,329.0,8.0,130.03952569169962,3.1620553359683794,-337.0,1463862
