Shipped,Wasted,Stockouts,% Waste,% Stockouts,Reward,item_nbr
579.0,388.0,32.0,67.01208981001727,5.526770293609672,-420.0,1463993
