Shipped,Wasted,Stockouts,% Waste,% Stockouts,Reward,item_nbr
318,203.0,32.0,63.83647798742138,10.062893081761008,-235.0,1463855
