Shipped,Wasted,Stockouts,% Waste,% Stockouts,Reward,item_nbr
202.0,132.0,13.0,65.34653465346535,6.435643564356436,-145.0,1463855
