Shipped,Wasted,Stockouts,% Waste,% Stockouts,Reward,item_nbr
123.5510025024414,86.08999633789062,0,69.67972302465895,0.0,-86.08999633789062,1473478
