Shipped,Wasted,Stockouts,% Waste,% Stockouts,Reward,item_nbr
300,671.0499877929688,0,223.6833292643229,0.0,-671.0499877929688,1473428
