Shipped,Wasted,Stockouts,% Waste,% Stockouts,Reward,item_nbr
28,7.334999084472656,0,26.19642530168806,0.0,-7.334999084472656,1473478
