Shipped,Wasted,Stockouts,% Waste,% Stockouts,Reward,item_nbr
290.5589904785156,204.39500427246094,35.246002197265625,70.34544136316244,12.130411844844211,-239.64100646972656,1473410
