Shipped,Wasted,Stockouts,% Waste,% Stockouts,Reward,item_nbr
188.03199768066406,61.96800231933594,72.40899658203125,32.956094219972385,38.50886948773682,-134.3769989013672,1473393
