Shipped,Wasted,Stockouts,% Waste,% Stockouts,Reward,item_nbr
681.6060180664062,465.8740234375,26.916000366210938,68.34945864461422,3.948908849509104,-492.7900085449219,1473474
