Shipped,Wasted,Stockouts,% Waste,% Stockouts,Reward,item_nbr
519,840.0140991210938,0,161.85242757631863,0.0,-840.0140991210938,1473474
