Shipped,Wasted,Stockouts,% Waste,% Stockouts,Reward,item_nbr
232.93499755859375,134.11300659179688,7.6790008544921875,57.57529267711751,3.296628216015745,-141.79200744628906,1473482
