Shipped,Wasted,Stockouts,% Waste,% Stockouts,Reward,item_nbr
262,372.2939758300781,0,142.0969373397245,0.0,-372.2939758300781,1473410
