Shipped,Wasted,Stockouts,% Waste,% Stockouts,Reward,item_nbr
195,311.3550109863281,1.1790008544921875,159.6692364032452,0.6046158228165064,-312.53399658203125,1473482
