Shipped,Wasted,Stockouts,% Waste,% Stockouts,Reward,item_nbr
44,5.941001892089844,0,13.502277027476916,0.0,-5.941001892089844,1473410
