Shipped,Wasted,Stockouts,% Waste,% Stockouts,Reward,item_nbr
170,382.2799987792969,0,224.87058751723347,0.0,-382.2799987792969,1473478
