Shipped,Wasted,Stockouts,% Waste,% Stockouts,Reward,item_nbr
193.96099853515625,154.23599243164062,0,79.51907527620028,0.0,-154.23599243164062,1473428
