Shipped,Wasted,Stockouts,% Waste,% Stockouts,Reward,item_nbr
178,300.48199462890625,15.28799819946289,168.81010934208217,8.588763033406119,-315.77001953125,1473393
