Shipped,Wasted,Stockouts,% Waste,% Stockouts,Reward,item_nbr
190.94500732421875,110.09400177001953,9.930000305175781,57.657439339633164,5.200450351820378,-120.02400207519531,1502392
