Shipped,Wasted,Stockouts,% Waste,% Stockouts,Reward,item_nbr
247,431.3580017089844,0,174.63886708865763,0.0,-431.3580017089844,1502392
