Shipped,Wasted,Stockouts,% Waste,% Stockouts,Reward,item_nbr
635,1850.798095703125,0,291.4642670398622,0.0,-1850.798095703125,1503847
