Shipped,Wasted,Stockouts,% Waste,% Stockouts,Reward,item_nbr
356.3100280761719,216.69000244140625,75.00000762939453,60.81501652125332,21.04908695226536,-291.69000244140625,1503847
