Shipped,Wasted,Stockouts,% Waste,% Stockouts,Reward,item_nbr
921.7650146484375,660.2999877929688,0,71.63430780075853,0.0,-660.2999877929688,1503844
