Shipped,Wasted,Stockouts,% Waste,% Stockouts,Reward,item_nbr
111,87.95199584960938,0,79.23603229694538,0.0,-87.95199584960938,1503847
