Shipped,Wasted,Stockouts,% Waste,% Stockouts,Reward,item_nbr
1426,2682.3056640625,0,188.09997644197054,0.0,-2682.3056640625,1503844
