Shipped,Wasted,Stockouts,% Waste,% Stockouts,Reward,item_nbr
231.0,130.0,58.0,56.27705627705628,25.108225108225106,-188.0,1584575
