Shipped,Wasted,Stockouts,% Waste,% Stockouts,Reward,item_nbr
169.20401000976562,153.0,0,90.42338889673454,0.0,-153.0,159156
