Shipped,Wasted,Stockouts,% Waste,% Stockouts,Reward,item_nbr
304,886.8169555664062,0,291.7161038047389,0.0,-886.8169555664062,159156
