Shipped,Wasted,Stockouts,% Waste,% Stockouts,Reward,item_nbr
68,41.691001892089844,0,61.31029690013212,0.0,-41.691001892089844,1642399
