Shipped,Wasted,Stockouts,% Waste,% Stockouts,Reward,item_nbr
301.3089904785156,233.61001586914062,0,77.53171105121666,0.0,-233.61001586914062,1642399
