Shipped,Wasted,Stockouts,% Waste,% Stockouts,Reward,item_nbr
405,839.0740356445312,0,207.17877423321758,0.0,-839.0740356445312,1642399
