Shipped,Wasted,Stockouts,% Waste,% Stockouts,Reward,item_nbr
283.3909912109375,109.31800079345703,16.404998779296875,38.57497386432018,5.788821553288573,-125.7229995727539,1693648
