Shipped,Wasted,Stockouts,% Waste,% Stockouts,Reward,item_nbr
240,370.28497314453125,16.404998779296875,154.28540547688803,6.835416158040365,-386.69000244140625,1693648
