Shipped,Wasted,Stockouts,% Waste,% Stockouts,Reward,item_nbr
40,0,16.404998779296875,0.0,41.01249694824219,-16.404998779296875,1693648
