Shipped,Wasted,Stockouts,% Waste,% Stockouts,Reward,item_nbr
328.71197509765625,211.31201171875,53.90399169921875,64.28485352746027,16.39854820719706,-265.21600341796875,1695835
