Shipped,Wasted,Stockouts,% Waste,% Stockouts,Reward,item_nbr
436,784.7839965820312,0,179.99632949129156,0.0,-784.7839965820312,1695835
