Shipped,Wasted,Stockouts,% Waste,% Stockouts,Reward,item_nbr
199.177001953125,148.79299926757812,0,74.70390547528956,0.0,-148.79299926757812,1751174
