Shipped,Wasted,Stockouts,% Waste,% Stockouts,Reward,item_nbr
334,763.64599609375,0,228.63652577657186,0.0,-763.64599609375,1751174
