Shipped,Wasted,Stockouts,% Waste,% Stockouts,Reward,item_nbr
141.0,60.0,8.0,42.5531914893617,5.673758865248227,-68.0,219150
