Shipped,Wasted,Stockouts,% Waste,% Stockouts,Reward,item_nbr
121.0,44.0,17.0,36.36363636363637,14.049586776859504,-61.0,222879
