Shipped,Wasted,Stockouts,% Waste,% Stockouts,Reward,item_nbr
122.0,63.0,69.0,51.63934426229508,56.557377049180324,-132.0,257847
