Shipped,Wasted,Stockouts,% Waste,% Stockouts,Reward,item_nbr
218.0,134.0,28.0,61.46788990825688,12.844036697247708,-162.0,261052
