Shipped,Wasted,Stockouts,% Waste,% Stockouts,Reward,item_nbr
157,41.0,10.0,26.11464968152866,6.369426751592357,-51.0,265254
