Shipped,Wasted,Stockouts,% Waste,% Stockouts,Reward,item_nbr
96.0,43.0,10.0,44.79166666666667,10.416666666666668,-53.0,265254
