Shipped,Wasted,Stockouts,% Waste,% Stockouts,Reward,item_nbr
269.0,158.0,51.0,58.7360594795539,18.95910780669145,-209.0,265559
