Shipped,Wasted,Stockouts,% Waste,% Stockouts,Reward,item_nbr
113.0,54.0,11.0,47.78761061946903,9.734513274336283,-65.0,273528
