Shipped,Wasted,Stockouts,% Waste,% Stockouts,Reward,item_nbr
251.0,162.0,9.0,64.5418326693227,3.5856573705179287,-171.0,314384
