Shipped,Wasted,Stockouts,% Waste,% Stockouts,Reward,item_nbr
132.0,55.0,12.0,41.66666666666667,9.090909090909092,-67.0,315176
