Shipped,Wasted,Stockouts,% Waste,% Stockouts,Reward,item_nbr
278.0,153.0,79.0,55.03597122302158,28.41726618705036,-232.0,320682
