Shipped,Wasted,Stockouts,% Waste,% Stockouts,Reward,item_nbr
231.0,154.0,37.0,66.66666666666666,16.017316017316016,-191.0,364738
