Shipped,Wasted,Stockouts,% Waste,% Stockouts,Reward,item_nbr
148.0,66.0,12.0,44.5945945945946,8.108108108108109,-78.0,414353
