Shipped,Wasted,Stockouts,% Waste,% Stockouts,Reward,item_nbr
207.0,108.0,122.0,52.17391304347826,58.93719806763285,-230.0,414750
