Shipped,Wasted,Stockouts,% Waste,% Stockouts,Reward,item_nbr
167.99099731445312,146.30599975585938,0,87.09157162868509,0.0,-146.30599975585938,457928
