Shipped,Wasted,Stockouts,% Waste,% Stockouts,Reward,item_nbr
95.0,66.0,2.0,69.47368421052632,2.1052631578947367,-68.0,464374
