Shipped,Wasted,Stockouts,% Waste,% Stockouts,Reward,item_nbr
119.23300170898438,111.0,0,93.09503108117758,0.0,-111.0,507969
