Shipped,Wasted,Stockouts,% Waste,% Stockouts,Reward,item_nbr
226.0,139.0,10.0,61.504424778761056,4.424778761061947,-149.0,559870
