Shipped,Wasted,Stockouts,% Waste,% Stockouts,Reward,item_nbr
114.0,72.0,6.0,63.1578947368421,5.263157894736842,-78.0,564287
