Shipped,Wasted,Stockouts,% Waste,% Stockouts,Reward,item_nbr
165.0,110.0,4.0,66.66666666666666,2.4242424242424243,-114.0,564533
