Shipped,Wasted,Stockouts,% Waste,% Stockouts,Reward,item_nbr
60,44.10499954223633,0,73.50833257039388,0.0,-44.10499954223633,582864
