Shipped,Wasted,Stockouts,% Waste,% Stockouts,Reward,item_nbr
220.3280029296875,182.77699279785156,0,82.95676916573356,0.0,-182.77699279785156,582864
