Shipped,Wasted,Stockouts,% Waste,% Stockouts,Reward,item_nbr
337.2149963378906,230.46600341796875,20.207000732421875,68.34393663413503,5.992319722392888,-250.67300415039062,584028
