Shipped,Wasted,Stockouts,% Waste,% Stockouts,Reward,item_nbr
65,0,7.323997497558594,0.0,11.267688457782452,-7.323997497558594,584126
