Shipped,Wasted,Stockouts,% Waste,% Stockouts,Reward,item_nbr
392.1710205078125,195.58599853515625,7.323997497558594,49.87262911010018,1.867551938966559,-202.91000366210938,584126
