Shipped,Wasted,Stockouts,% Waste,% Stockouts,Reward,item_nbr
368.1789855957031,48.82100296020508,116.01300048828125,13.260127511409724,31.509946256323,-164.83401489257812,587157
