Shipped,Wasted,Stockouts,% Waste,% Stockouts,Reward,item_nbr
215.0,132.0,49.0,61.395348837209305,22.790697674418606,-181.0,807493
