Shipped,Wasted,Stockouts,% Waste,% Stockouts,Reward,item_nbr
354.0,151.0,76.0,42.65536723163842,21.468926553672315,-227.0,819932
