Shipped,Wasted,Stockouts,% Waste,% Stockouts,Reward,item_nbr
112.0,90.0,54.0,80.35714285714286,48.214285714285715,-144.0,839362
