Shipped,Wasted,Stockouts,% Waste,% Stockouts,Reward,item_nbr
201,208.0,16.0,103.48258706467661,7.960199004975125,-224.0,839362
