Shipped,Wasted,Stockouts,% Waste,% Stockouts,Reward,item_nbr
102.0,57.0,37.0,55.88235294117647,36.27450980392157,-94.0,841842
