Shipped,Wasted,Stockouts,% Waste,% Stockouts,Reward,item_nbr
76.0,54.0,18.0,71.05263157894737,23.684210526315788,-72.0,862454
