Shipped,Wasted,Stockouts,% Waste,% Stockouts,Reward,item_nbr
320.05999755859375,102.94000244140625,26.641998291015625,32.16272049822812,8.324063767493545,-129.58200073242188,903285
