Shipped,Wasted,Stockouts,% Waste,% Stockouts,Reward,item_nbr
222,579.595947265625,0,261.0792555250563,0.0,-579.595947265625,903286
