Shipped,Wasted,Stockouts,% Waste,% Stockouts,Reward,item_nbr
244,459.49298095703125,0,188.31679547419313,0.0,-459.49298095703125,903285
