Shipped,Wasted,Stockouts,% Waste,% Stockouts,Reward,item_nbr
198,458.14697265625,0,231.38735992739902,0.0,-458.14697265625,903284
