Shipped,Wasted,Stockouts,% Waste,% Stockouts,Reward,item_nbr
162.0,93.39400482177734,17.10900115966797,57.65062026035639,10.561111826955537,-110.50299835205078,903284
