Shipped,Wasted,Stockouts,% Waste,% Stockouts,Reward,item_nbr
224.66299438476562,166.3369903564453,42.970001220703125,74.03844625678354,19.126425933374332,-209.30699157714844,903286
