Shipped,Wasted,Stockouts,% Waste,% Stockouts,Reward,item_nbr
124.0,84.0,17.0,67.74193548387096,13.709677419354838,-101.0,964752
