Shipped,Wasted,Stockouts,% Waste,% Stockouts,Reward,item_nbr
173.0,83.0,58.0,47.97687861271676,33.52601156069364,-141.0,968432
