Shipped,Wasted,Stockouts,% Waste,% Stockouts,Reward,item_nbr
276,152.0,134.0,55.072463768115945,48.55072463768116,-286.0,987308
