Shipped,Wasted,Stockouts,% Waste,% Stockouts,Reward,item_nbr
375.0,275.0,179.0,73.33333333333333,47.733333333333334,-454.0,987308
