Shipped,Wasted,Stockouts,% Waste,% Stockouts,Reward,item_nbr
169,195.0,7.0,115.38461538461537,4.142011834319527,-202.0,1036689
