Shipped,Wasted,Stockouts,% Waste,% Stockouts,Reward,item_nbr
122.0,89.0,8.0,72.95081967213115,6.557377049180328,-97.0,1036689
