Shipped,Wasted,Stockouts,% Waste,% Stockouts,Reward,item_nbr
113.0,79.0,40.0,69.91150442477876,35.39823008849557,-119.0,1037857
