Shipped,Wasted,Stockouts,% Waste,% Stockouts,Reward,item_nbr
103.0,47.0,15.0,45.63106796116505,14.563106796116504,-62.0,1047685
