Shipped,Wasted,Stockouts,% Waste,% Stockouts,Reward,item_nbr
184.0,98.0,7.0,53.2608695652174,3.804347826086957,-105.0,1047690
