Shipped,Wasted,Stockouts,% Waste,% Stockouts,Reward,item_nbr
95.0,63.0,34.0,66.3157894736842,35.78947368421053,-97.0,1047790
