Shipped,Wasted,Stockouts,% Waste,% Stockouts,Reward,item_nbr
240.0,71.0,118.0,29.583333333333332,49.166666666666664,-189.0,1052563
