Shipped,Wasted,Stockouts,% Waste,% Stockouts,Reward,item_nbr
195.0,118.0,73.0,60.51282051282051,37.43589743589744,-191.0,1114566
