Shipped,Wasted,Stockouts,% Waste,% Stockouts,Reward,item_nbr
116.0,54.0,4.0,46.55172413793103,3.4482758620689653,-58.0,1157564
