Shipped,Wasted,Stockouts,% Waste,% Stockouts,Reward,item_nbr
154,152.0,23.0,98.7012987012987,14.935064935064934,-175.0,116017
