Shipped,Wasted,Stockouts,% Waste,% Stockouts,Reward,item_nbr
121.0,54.0,69.0,44.62809917355372,57.02479338842975,-123.0,116017
