Shipped,Wasted,Stockouts,% Waste,% Stockouts,Reward,item_nbr
177.0,135.0,12.0,76.27118644067797,6.779661016949152,-147.0,1162382
