Shipped,Wasted,Stockouts,% Waste,% Stockouts,Reward,item_nbr
484.0,234.0,82.0,48.34710743801653,16.94214876033058,-316.0,1167614
