Shipped,Wasted,Stockouts,% Waste,% Stockouts,Reward,item_nbr
241.0,118.0,39.0,48.96265560165975,16.182572614107883,-157.0,1305845
