Shipped,Wasted,Stockouts,% Waste,% Stockouts,Reward,item_nbr
322.0,144.0,39.0,44.72049689440994,12.111801242236025,-183.0,1427659
