Shipped,Wasted,Stockouts,% Waste,% Stockouts,Reward,item_nbr
186,350.0,13.0,188.1720430107527,6.989247311827956,-363.0,1427659
