Shipped,Wasted,Stockouts,% Waste,% Stockouts,Reward,item_nbr
410.0,363.0,6.0,88.53658536585365,1.4634146341463417,-369.0,1430040
