Shipped,Wasted,Stockouts,% Waste,% Stockouts,Reward,item_nbr
254,319.0,13.0,125.59055118110236,5.118110236220472,-332.0,1463862
