Shipped,Wasted,Stockouts,% Waste,% Stockouts,Reward,item_nbr
245.0,87.0,9.0,35.51020408163265,3.6734693877551026,-96.0,1463862
