Shipped,Wasted,Stockouts,% Waste,% Stockouts,Reward,item_nbr
176,128.0,62.0,72.72727272727273,35.22727272727273,-190.0,1463867
