Shipped,Wasted,Stockouts,% Waste,% Stockouts,Reward,item_nbr
283,173.0,44.0,61.130742049469966,15.547703180212014,-217.0,1463855
