Shipped,Wasted,Stockouts,% Waste,% Stockouts,Reward,item_nbr
199.33799743652344,171.0,0,85.78394596065544,0.0,-171.0,1473428
