Shipped,Wasted,Stockouts,% Waste,% Stockouts,Reward,item_nbr
139.66500854492188,94.4739990234375,0,67.64328446165588,0.0,-94.4739990234375,1473478
