Shipped,Wasted,Stockouts,% Waste,% Stockouts,Reward,item_nbr
226.93499755859375,149.11300659179688,13.679000854492188,65.70736475025033,6.027717629124314,-162.79200744628906,1473482
