Shipped,Wasted,Stockouts,% Waste,% Stockouts,Reward,item_nbr
297,645.0499877929688,0,217.18854807844065,0.0,-645.0499877929688,1473428
