Shipped,Wasted,Stockouts,% Waste,% Stockouts,Reward,item_nbr
258,383.2939758300781,0,148.5635565232861,0.0,-383.2939758300781,1473410
