Shipped,Wasted,Stockouts,% Waste,% Stockouts,Reward,item_nbr
147,304.2799987792969,0,206.99319644850127,0.0,-304.2799987792969,1473478
