Shipped,Wasted,Stockouts,% Waste,% Stockouts,Reward,item_nbr
175,293.48199462890625,11.28799819946289,167.70399693080358,6.450284685407366,-304.77001953125,1473393
