Shipped,Wasted,Stockouts,% Waste,% Stockouts,Reward,item_nbr
587,1146.01416015625,0,195.23239525660136,0.0,-1146.01416015625,1473474
