Shipped,Wasted,Stockouts,% Waste,% Stockouts,Reward,item_nbr
301.0589904785156,235.39500427246094,23.746002197265625,78.18899674722033,7.887491471197304,-259.1410217285156,1473410
