Shipped,Wasted,Stockouts,% Waste,% Stockouts,Reward,item_nbr
187.03199768066406,62.96800231933594,68.40899658203125,33.66696773824053,36.57609255654311,-131.3769989013672,1473393
