Shipped,Wasted,Stockouts,% Waste,% Stockouts,Reward,item_nbr
191,273.3550109863281,0.1790008544921875,143.11780679912468,0.09371772486501963,-273.53399658203125,1473482
