Shipped,Wasted,Stockouts,% Waste,% Stockouts,Reward,item_nbr
636.1400146484375,506.5419921875,0,79.62743743882237,0.0,-506.5419921875,1473474
