Shipped,Wasted,Stockouts,% Waste,% Stockouts,Reward,item_nbr
228.94500732421875,152.093994140625,12.930000305175781,66.43254461768552,5.647644583428307,-165.0240020751953,1502392
