Shipped,Wasted,Stockouts,% Waste,% Stockouts,Reward,item_nbr
224,388.79400634765625,3.9059982299804688,173.5687528337751,1.7437492098127092,-392.70001220703125,1502392
