Shipped,Wasted,Stockouts,% Waste,% Stockouts,Reward,item_nbr
677,1976.798095703125,0,291.99381029588255,0.0,-1976.798095703125,1503847
