Shipped,Wasted,Stockouts,% Waste,% Stockouts,Reward,item_nbr
340.3100280761719,201.69000244140625,81.00000762939453,59.26654691358723,23.801828023493986,-282.69000244140625,1503847
