Shipped,Wasted,Stockouts,% Waste,% Stockouts,Reward,item_nbr
1588,2736.30615234375,0,172.311470550614,0.0,-2736.30615234375,1503844
