Shipped,Wasted,Stockouts,% Waste,% Stockouts,Reward,item_nbr
977.989013671875,636.0759887695312,0,65.03917527471745,0.0,-636.0759887695312,1503844
