Shipped,Wasted,Stockouts,% Waste,% Stockouts,Reward,item_nbr
254.0,172.0,62.0,67.71653543307087,24.409448818897637,-234.0,1584575
