Shipped,Wasted,Stockouts,% Waste,% Stockouts,Reward,item_nbr
302,918.8169555664062,0,304.2440250219888,0.0,-918.8169555664062,159156
