Shipped,Wasted,Stockouts,% Waste,% Stockouts,Reward,item_nbr
183.20401000976562,171.0,0,93.33856829382987,0.0,-171.0,159156
