Shipped,Wasted,Stockouts,% Waste,% Stockouts,Reward,item_nbr
491,1032.073974609375,0,210.19836550089104,0.0,-1032.073974609375,1642399
