Shipped,Wasted,Stockouts,% Waste,% Stockouts,Reward,item_nbr
304.3089904785156,231.91900634765625,0,76.21168404619641,0.0,-231.91900634765625,1642399
