Shipped,Wasted,Stockouts,% Waste,% Stockouts,Reward,item_nbr
251,405.28497314453125,20.404998779296875,161.4681167906499,8.12948158537724,-425.6899719238281,1693648
