Shipped,Wasted,Stockouts,% Waste,% Stockouts,Reward,item_nbr
260.40301513671875,95.30599975585938,24.39299774169922,36.59942251660224,9.367402189599158,-119.6989974975586,1693648
