Shipped,Wasted,Stockouts,% Waste,% Stockouts,Reward,item_nbr
273.5679931640625,177.69601440429688,66.28799438476562,64.95497238148401,24.23090275221334,-243.9840087890625,1695835
