Shipped,Wasted,Stockouts,% Waste,% Stockouts,Reward,item_nbr
449,835.7839965820312,0,186.14342908285775,0.0,-835.7839965820312,1695835
