Shipped,Wasted,Stockouts,% Waste,% Stockouts,Reward,item_nbr
206.91099548339844,150.79299926757812,0,72.87819524297686,0.0,-150.79299926757812,1751174
