Shipped,Wasted,Stockouts,% Waste,% Stockouts,Reward,item_nbr
357,846.64599609375,0,237.15574120273112,0.0,-846.64599609375,1751174
