Shipped,Wasted,Stockouts,% Waste,% Stockouts,Reward,item_nbr
144.0,52.0,6.0,36.11111111111111,4.166666666666666,-58.0,219150
