Shipped,Wasted,Stockouts,% Waste,% Stockouts,Reward,item_nbr
123.0,46.0,19.0,37.39837398373984,15.447154471544716,-65.0,222879
