Shipped,Wasted,Stockouts,% Waste,% Stockouts,Reward,item_nbr
117.0,65.0,76.0,55.55555555555556,64.95726495726495,-141.0,257847
