Shipped,Wasted,Stockouts,% Waste,% Stockouts,Reward,item_nbr
174,54.0,3.0,31.03448275862069,1.7241379310344827,-57.0,265254
