Shipped,Wasted,Stockouts,% Waste,% Stockouts,Reward,item_nbr
93.0,45.0,11.0,48.38709677419355,11.827956989247312,-56.0,265254
