Shipped,Wasted,Stockouts,% Waste,% Stockouts,Reward,item_nbr
308.0,171.0,50.0,55.519480519480524,16.233766233766232,-221.0,265559
