Shipped,Wasted,Stockouts,% Waste,% Stockouts,Reward,item_nbr
117.0,55.0,12.0,47.008547008547005,10.256410256410255,-67.0,273528
