Shipped,Wasted,Stockouts,% Waste,% Stockouts,Reward,item_nbr
265.0,169.0,14.0,63.77358490566037,5.283018867924529,-183.0,314384
