Shipped,Wasted,Stockouts,% Waste,% Stockouts,Reward,item_nbr
275.0,210.0,60.0,76.36363636363637,21.818181818181817,-270.0,320682
