Shipped,Wasted,Stockouts,% Waste,% Stockouts,Reward,item_nbr
232.0,156.0,39.0,67.24137931034483,16.810344827586206,-195.0,364738
