Shipped,Wasted,Stockouts,% Waste,% Stockouts,Reward,item_nbr
136.0,58.0,15.0,42.64705882352941,11.029411764705882,-73.0,414353
