Shipped,Wasted,Stockouts,% Waste,% Stockouts,Reward,item_nbr
269.0,179.0,118.0,66.54275092936803,43.866171003717476,-297.0,414750
