Shipped,Wasted,Stockouts,% Waste,% Stockouts,Reward,item_nbr
184.99099731445312,152.2969970703125,0,82.32670739724355,0.0,-152.2969970703125,457928
