Shipped,Wasted,Stockouts,% Waste,% Stockouts,Reward,item_nbr
81.0,55.0,11.0,67.90123456790124,13.580246913580247,-66.0,464374
