Shipped,Wasted,Stockouts,% Waste,% Stockouts,Reward,item_nbr
108.23300170898438,102.0,0,94.24112644889625,0.0,-102.0,507969
