Shipped,Wasted,Stockouts,% Waste,% Stockouts,Reward,item_nbr
165.0,65.0,12.0,39.39393939393939,7.2727272727272725,-77.0,518091
