Shipped,Wasted,Stockouts,% Waste,% Stockouts,Reward,item_nbr
212.0,124.0,2.0,58.490566037735846,0.9433962264150944,-126.0,559870
