Shipped,Wasted,Stockouts,% Waste,% Stockouts,Reward,item_nbr
131.0,69.0,2.0,52.67175572519084,1.5267175572519083,-71.0,564287
