Shipped,Wasted,Stockouts,% Waste,% Stockouts,Reward,item_nbr
212.3280029296875,183.0,0,86.18740697175046,0.0,-183.0,582864
