Shipped,Wasted,Stockouts,% Waste,% Stockouts,Reward,item_nbr
362.4219970703125,289.2590026855469,0,79.81276109723233,0.0,-289.2590026855469,584028
