Shipped,Wasted,Stockouts,% Waste,% Stockouts,Reward,item_nbr
357.1710205078125,163.58599853515625,12.323997497558594,45.800467883025824,3.4504472059454296,-175.91000366210938,584126
