Shipped,Wasted,Stockouts,% Waste,% Stockouts,Reward,item_nbr
348.1789855957031,38.82100296020508,136.01300048828125,11.149726022030253,39.064103841756896,-174.83401489257812,587157
