Shipped,Wasted,Stockouts,% Waste,% Stockouts,Reward,item_nbr
122.0,40.0,30.0,32.78688524590164,24.59016393442623,-70.0,621300
