Shipped,Wasted,Stockouts,% Waste,% Stockouts,Reward,item_nbr
202.0,133.0,58.0,65.84158415841584,28.71287128712871,-191.0,807493
