Shipped,Wasted,Stockouts,% Waste,% Stockouts,Reward,item_nbr
288.0,166.0,96.0,57.638888888888886,33.33333333333333,-262.0,819932
