Shipped,Wasted,Stockouts,% Waste,% Stockouts,Reward,item_nbr
110.0,93.0,62.0,84.54545454545455,56.36363636363636,-155.0,839362
