Shipped,Wasted,Stockouts,% Waste,% Stockouts,Reward,item_nbr
69.0,49.0,17.0,71.01449275362319,24.637681159420293,-66.0,862454
