Shipped,Wasted,Stockouts,% Waste,% Stockouts,Reward,item_nbr
152.0,74.7490005493164,15.109001159667969,49.1769740456029,9.940132341886821,-89.85799407958984,903284
