Shipped,Wasted,Stockouts,% Waste,% Stockouts,Reward,item_nbr
256,524.4929809570312,0,204.88007068634033,0.0,-524.4929809570312,903285
