Shipped,Wasted,Stockouts,% Waste,% Stockouts,Reward,item_nbr
326.05999755859375,127.94000244140625,34.641998291015625,39.238178065193395,10.624424507882289,-162.58200073242188,903285
