Shipped,Wasted,Stockouts,% Waste,% Stockouts,Reward,item_nbr
257.66302490234375,212.33700561523438,37.970001220703125,82.40879951468074,14.736301894730158,-250.3070068359375,903286
