Shipped,Wasted,Stockouts,% Waste,% Stockouts,Reward,item_nbr
186,411.14697265625,0,221.04675949260755,0.0,-411.14697265625,903284
