Shipped,Wasted,Stockouts,% Waste,% Stockouts,Reward,item_nbr
206,520.595947265625,0,252.71647925515776,0.0,-520.595947265625,903286
