Shipped,Wasted,Stockouts,% Waste,% Stockouts,Reward,item_nbr
105.0,69.0,25.0,65.71428571428571,23.809523809523807,-94.0,964752
