Shipped,Wasted,Stockouts,% Waste,% Stockouts,Reward,item_nbr
255,52.0,155.0,20.392156862745097,60.78431372549019,-207.0,987308
