Shipped,Wasted,Stockouts,% Waste,% Stockouts,Reward,item_nbr
331.0,242.0,173.0,73.1117824773414,52.26586102719033,-415.0,987308
