Shipped,Wasted,Stockouts,% Waste,% Stockouts,Reward,item_nbr
118,58.0,11.0,49.152542372881356,9.322033898305085,-69.0,1036689
