Shipped,Wasted,Stockouts,% Waste,% Stockouts,Reward,item_nbr
94.0,60.0,9.0,63.829787234042556,9.574468085106384,-69.0,1036689
