Shipped,Wasted,Stockouts,% Waste,% Stockouts,Reward,item_nbr
98.0,75.0,43.0,76.53061224489795,43.87755102040816,-118.0,1037857
