Shipped,Wasted,Stockouts,% Waste,% Stockouts,Reward,item_nbr
510.0,270.0,96.0,52.94117647058824,18.823529411764707,-366.0,1047679
