Shipped,Wasted,Stockouts,% Waste,% Stockouts,Reward,item_nbr
138,151.0,1.0,109.42028985507247,0.7246376811594203,-152.0,1047790
