Shipped,Wasted,Stockouts,% Waste,% Stockouts,Reward,item_nbr
92.0,62.0,35.0,67.3913043478261,38.04347826086957,-97.0,1047790
