Shipped,Wasted,Stockouts,% Waste,% Stockouts,Reward,item_nbr
81.0,29.0,18.0,35.80246913580247,22.22222222222222,-47.0,1047685
