Shipped,Wasted,Stockouts,% Waste,% Stockouts,Reward,item_nbr
213.0,59.0,134.0,27.699530516431924,62.91079812206573,-193.0,1052563
