Shipped,Wasted,Stockouts,% Waste,% Stockouts,Reward,item_nbr
157.0,79.0,102.0,50.318471337579616,64.96815286624204,-181.0,1114566
