Shipped,Wasted,Stockouts,% Waste,% Stockouts,Reward,item_nbr
172.0,85.0,68.0,49.41860465116279,39.53488372093023,-153.0,1146786
