Shipped,Wasted,Stockouts,% Waste,% Stockouts,Reward,item_nbr
177.0,29.0,18.0,16.38418079096045,10.16949152542373,-47.0,1146496
