Shipped,Wasted,Stockouts,% Waste,% Stockouts,Reward,item_nbr
161,121.0,1.0,75.15527950310559,0.6211180124223602,-122.0,1146795
