Shipped,Wasted,Stockouts,% Waste,% Stockouts,Reward,item_nbr
91.0,43.0,11.0,47.25274725274725,12.087912087912088,-54.0,115611
