Shipped,Wasted,Stockouts,% Waste,% Stockouts,Reward,item_nbr
109.0,39.0,74.0,35.77981651376147,67.88990825688074,-113.0,116017
