Shipped,Wasted,Stockouts,% Waste,% Stockouts,Reward,item_nbr
126,114.0,24.0,90.47619047619048,19.047619047619047,-138.0,116017
