Shipped,Wasted,Stockouts,% Waste,% Stockouts,Reward,item_nbr
152.0,105.0,26.0,69.07894736842105,17.105263157894736,-131.0,1162382
