Shipped,Wasted,Stockouts,% Waste,% Stockouts,Reward,item_nbr
365.0,203.0,162.0,55.61643835616439,44.38356164383562,-365.0,1167614
