Shipped,Wasted,Stockouts,% Waste,% Stockouts,Reward,item_nbr
201.0,92.0,66.0,45.77114427860697,32.83582089552239,-158.0,1305845
