Shipped,Wasted,Stockouts,% Waste,% Stockouts,Reward,item_nbr
162.0,80.0,23.0,49.382716049382715,14.19753086419753,-103.0,1309297
