Shipped,Wasted,Stockouts,% Waste,% Stockouts,Reward,item_nbr
162,303.0,23.0,187.03703703703704,14.19753086419753,-326.0,1427659
