Shipped,Wasted,Stockouts,% Waste,% Stockouts,Reward,item_nbr
220,94.0,94.0,42.72727272727273,42.72727272727273,-188.0,1427659
