Shipped,Wasted,Stockouts,% Waste,% Stockouts,Reward,item_nbr
231.0,180.0,25.0,77.92207792207793,10.822510822510822,-205.0,1430040
