Shipped,Wasted,Stockouts,% Waste,% Stockouts,Reward,item_nbr
215,233.0,16.0,108.37209302325581,7.441860465116279,-249.0,1463862
