Shipped,Wasted,Stockouts,% Waste,% Stockouts,Reward,item_nbr
261,129.0,67.0,49.42528735632184,25.67049808429119,-196.0,1463855
