Shipped,Wasted,Stockouts,% Waste,% Stockouts,Reward,item_nbr
430.0,256.0,108.0,59.53488372093023,25.116279069767444,-364.0,1463993
