Shipped,Wasted,Stockouts,% Waste,% Stockouts,Reward,item_nbr
236.0,70.0,11.0,29.66101694915254,4.661016949152542,-81.0,1463862
