Shipped,Wasted,Stockouts,% Waste,% Stockouts,Reward,item_nbr
153.0,70.0,1.0,45.751633986928105,0.6535947712418301,-71.0,1463881
