Shipped,Wasted,Stockouts,% Waste,% Stockouts,Reward,item_nbr
198,158.0,40.0,79.7979797979798,20.2020202020202,-198.0,1463867
