Shipped,Wasted,Stockouts,% Waste,% Stockouts,Reward,item_nbr
571.4660034179688,298.21600341796875,35.055999755859375,52.18438220897181,6.134398117506127,-333.2720031738281,1473474
