Shipped,Wasted,Stockouts,% Waste,% Stockouts,Reward,item_nbr
147,302.2799987792969,0,205.6326522308142,0.0,-302.2799987792969,1473478
