Shipped,Wasted,Stockouts,% Waste,% Stockouts,Reward,item_nbr
421,526.85400390625,7.1399993896484375,125.14346886134204,1.695961850272788,-533.9939575195312,1473474
