Shipped,Wasted,Stockouts,% Waste,% Stockouts,Reward,item_nbr
174,265.3550109863281,7.1790008544921875,152.5028798772001,4.1258625600529815,-272.53399658203125,1473482
