Shipped,Wasted,Stockouts,% Waste,% Stockouts,Reward,item_nbr
149.03199768066406,46.96800231933594,93.40899658203125,31.51538129414052,62.67714184586178,-140.37701416015625,1473393
