Shipped,Wasted,Stockouts,% Waste,% Stockouts,Reward,item_nbr
189.93499755859375,102.11300659179688,27.679000854492188,53.76208066146191,14.572880833061527,-129.79200744628906,1473482
