Shipped,Wasted,Stockouts,% Waste,% Stockouts,Reward,item_nbr
225.55899047851562,144.39500427246094,56.246002197265625,64.01651468918703,24.93627147290457,-200.64100646972656,1473410
