Shipped,Wasted,Stockouts,% Waste,% Stockouts,Reward,item_nbr
147,214.48199462890625,18.28799819946289,145.90611879517434,12.440815101675435,-232.76998901367188,1473393
