Shipped,Wasted,Stockouts,% Waste,% Stockouts,Reward,item_nbr
101.66500091552734,63.032997131347656,0,62.000685155869206,0.0,-63.032997131347656,1473478
