Shipped,Wasted,Stockouts,% Waste,% Stockouts,Reward,item_nbr
183.53500366210938,130.66200256347656,4.425998687744141,71.19187073656381,2.4115283730249457,-135.08799743652344,1473428
