Shipped,Wasted,Stockouts,% Waste,% Stockouts,Reward,item_nbr
271,526.0499877929688,0,194.11438663947186,0.0,-526.0499877929688,1473428
