Shipped,Wasted,Stockouts,% Waste,% Stockouts,Reward,item_nbr
238,294.29400634765625,0,123.65294384355306,0.0,-294.29400634765625,1473410
