Shipped,Wasted,Stockouts,% Waste,% Stockouts,Reward,item_nbr
199,302.79400634765625,4.905998229980469,152.15779213450062,2.4653257437087785,-307.70001220703125,1502392
