Shipped,Wasted,Stockouts,% Waste,% Stockouts,Reward,item_nbr
185.74200439453125,108.09400177001953,15.930000305175781,58.195776513975275,8.57641240445492,-124.02400207519531,1502392
