Shipped,Wasted,Stockouts,% Waste,% Stockouts,Reward,item_nbr
526,1504.798095703125,0,286.08328815648764,0.0,-1504.798095703125,1503847
