Shipped,Wasted,Stockouts,% Waste,% Stockouts,Reward,item_nbr
851.0,516.0280151367188,4.7649993896484375,60.63783961653569,0.5599294229904157,-520.79296875,1503844
