Shipped,Wasted,Stockouts,% Waste,% Stockouts,Reward,item_nbr
1420,2721.73974609375,45.73899841308594,191.67181310519365,3.2210562262736575,-2767.47900390625,1503844
