Shipped,Wasted,Stockouts,% Waste,% Stockouts,Reward,item_nbr
301.30999755859375,164.69000244140625,91.00000762939453,54.65799468183265,30.201456429170882,-255.69000244140625,1503847
