Shipped,Wasted,Stockouts,% Waste,% Stockouts,Reward,item_nbr
172.0,80.0,85.0,46.51162790697674,49.41860465116279,-165.0,1584575
