Shipped,Wasted,Stockouts,% Waste,% Stockouts,Reward,item_nbr
276,772.8169555664062,0,280.0061433211617,0.0,-772.8169555664062,159156
