Shipped,Wasted,Stockouts,% Waste,% Stockouts,Reward,item_nbr
135.26100158691406,125.0,0,92.41392458540926,0.0,-125.0,159156
