Shipped,Wasted,Stockouts,% Waste,% Stockouts,Reward,item_nbr
226.11398315429688,144.80499267578125,0,64.04070666296141,0.0,-144.80499267578125,1642399
