Shipped,Wasted,Stockouts,% Waste,% Stockouts,Reward,item_nbr
337,586.073974609375,0,173.90919127874628,0.0,-586.073974609375,1642399
