Shipped,Wasted,Stockouts,% Waste,% Stockouts,Reward,item_nbr
248,57.177001953125,30.795997619628906,23.055242723034276,12.417740975656818,-87.9729995727539,1693648
