Shipped,Wasted,Stockouts,% Waste,% Stockouts,Reward,item_nbr
205,283.2850036621094,23.404998779296875,138.1878066644436,11.417072575266769,-306.69000244140625,1693648
