Shipped,Wasted,Stockouts,% Waste,% Stockouts,Reward,item_nbr
293.7120056152344,171.95199584960938,79.90399169921875,58.5444219378857,27.204877625565558,-251.8560028076172,1695835
