Shipped,Wasted,Stockouts,% Waste,% Stockouts,Reward,item_nbr
377,628.47998046875,14.615997314453125,166.70556511107426,3.876922364576426,-643.0960083007812,1695835
