Shipped,Wasted,Stockouts,% Waste,% Stockouts,Reward,item_nbr
178.91099548339844,127.79299926757812,0,71.4282534297543,0.0,-127.79299926757812,1751174
