Shipped,Wasted,Stockouts,% Waste,% Stockouts,Reward,item_nbr
271,497.64599609375,0,183.63320889068265,0.0,-497.64599609375,1751174
