Shipped,Wasted,Stockouts,% Waste,% Stockouts,Reward,item_nbr
117.0,45.0,27.0,38.46153846153847,23.076923076923077,-72.0,219150
