Shipped,Wasted,Stockouts,% Waste,% Stockouts,Reward,item_nbr
168,154.0,1.0,91.66666666666666,0.5952380952380952,-155.0,220435
