Shipped,Wasted,Stockouts,% Waste,% Stockouts,Reward,item_nbr
113.0,38.0,22.0,33.6283185840708,19.469026548672566,-60.0,222879
