Shipped,Wasted,Stockouts,% Waste,% Stockouts,Reward,item_nbr
105.0,58.0,81.0,55.23809523809524,77.14285714285715,-139.0,257847
