Shipped,Wasted,Stockouts,% Waste,% Stockouts,Reward,item_nbr
132,18.0,29.0,13.636363636363635,21.96969696969697,-47.0,265254
