Shipped,Wasted,Stockouts,% Waste,% Stockouts,Reward,item_nbr
90.0,31.0,14.0,34.44444444444444,15.555555555555555,-45.0,265254
