Shipped,Wasted,Stockouts,% Waste,% Stockouts,Reward,item_nbr
101.0,41.0,13.0,40.5940594059406,12.871287128712872,-54.0,273528
