Shipped,Wasted,Stockouts,% Waste,% Stockouts,Reward,item_nbr
204.0,124.0,15.0,60.78431372549019,7.352941176470589,-139.0,314384
