Shipped,Wasted,Stockouts,% Waste,% Stockouts,Reward,item_nbr
215.0,114.0,93.0,53.02325581395348,43.25581395348837,-207.0,320682
