Shipped,Wasted,Stockouts,% Waste,% Stockouts,Reward,item_nbr
226.0,150.0,54.0,66.3716814159292,23.893805309734514,-204.0,364738
