Shipped,Wasted,Stockouts,% Waste,% Stockouts,Reward,item_nbr
102.0,65.0,1.0,63.725490196078425,0.9803921568627451,-66.0,410257
