Shipped,Wasted,Stockouts,% Waste,% Stockouts,Reward,item_nbr
130.0,56.0,15.0,43.07692307692308,11.538461538461538,-71.0,414353
