Shipped,Wasted,Stockouts,% Waste,% Stockouts,Reward,item_nbr
173.0,59.0,133.0,34.104046242774565,76.878612716763,-192.0,414750
