Shipped,Wasted,Stockouts,% Waste,% Stockouts,Reward,item_nbr
112.99099731445312,100.30599975585938,0,88.77344402643736,0.0,-100.30599975585938,457928
