Shipped,Wasted,Stockouts,% Waste,% Stockouts,Reward,item_nbr
68.0,39.0,20.0,57.35294117647059,29.411764705882355,-59.0,464374
