Shipped,Wasted,Stockouts,% Waste,% Stockouts,Reward,item_nbr
116.447998046875,107.0,0,91.88650882338759,0.0,-107.0,507969
