Shipped,Wasted,Stockouts,% Waste,% Stockouts,Reward,item_nbr
133.0,48.0,41.0,36.09022556390977,30.82706766917293,-89.0,518091
