Shipped,Wasted,Stockouts,% Waste,% Stockouts,Reward,item_nbr
208.0,121.0,19.0,58.17307692307693,9.134615384615383,-140.0,559870
