Shipped,Wasted,Stockouts,% Waste,% Stockouts,Reward,item_nbr
103.0,50.0,10.0,48.54368932038835,9.70873786407767,-60.0,564287
