Shipped,Wasted,Stockouts,% Waste,% Stockouts,Reward,item_nbr
151.0,98.0,12.0,64.90066225165563,7.9470198675496695,-110.0,564533
