Shipped,Wasted,Stockouts,% Waste,% Stockouts,Reward,item_nbr
211.3280029296875,160.10499572753906,0,75.76137260938806,0.0,-160.10499572753906,582864
