Shipped,Wasted,Stockouts,% Waste,% Stockouts,Reward,item_nbr
298.2149963378906,183.46600341796875,35.207000732421875,61.52138747915069,11.805912232707039,-218.67300415039062,584028
