Shipped,Wasted,Stockouts,% Waste,% Stockouts,Reward,item_nbr
287.41400146484375,105.48699951171875,49.08100128173828,36.70210879570592,17.076760711583436,-154.56800842285156,584126
