Shipped,Wasted,Stockouts,% Waste,% Stockouts,Reward,item_nbr
283.3840026855469,9.61600112915039,200.8079833984375,3.3932759217254236,70.86073366719337,-210.42398071289062,587157
