Shipped,Wasted,Stockouts,% Waste,% Stockouts,Reward,item_nbr
110.0,35.0,41.0,31.818181818181817,37.27272727272727,-76.0,621300
