Shipped,Wasted,Stockouts,% Waste,% Stockouts,Reward,item_nbr
184.0,107.0,47.0,58.152173913043484,25.543478260869566,-154.0,807493
