Shipped,Wasted,Stockouts,% Waste,% Stockouts,Reward,item_nbr
299.0,111.0,103.0,37.12374581939799,34.448160535117054,-214.0,819932
