Shipped,Wasted,Stockouts,% Waste,% Stockouts,Reward,item_nbr
187,192.0,22.0,102.67379679144386,11.76470588235294,-214.0,839362
