Shipped,Wasted,Stockouts,% Waste,% Stockouts,Reward,item_nbr
107.0,84.0,55.0,78.50467289719626,51.4018691588785,-139.0,839362
