Shipped,Wasted,Stockouts,% Waste,% Stockouts,Reward,item_nbr
73.0,45.0,53.0,61.64383561643836,72.6027397260274,-98.0,841842
