Shipped,Wasted,Stockouts,% Waste,% Stockouts,Reward,item_nbr
226.65701293945312,130.64500427246094,57.970001220703125,57.63995676911181,25.576089823520547,-188.61500549316406,903286
