Shipped,Wasted,Stockouts,% Waste,% Stockouts,Reward,item_nbr
178,390.14697265625,0,219.18369250351125,0.0,-390.14697265625,903284
