Shipped,Wasted,Stockouts,% Waste,% Stockouts,Reward,item_nbr
135.0,72.7490005493164,26.10900115966797,53.888148555049185,19.34000085901331,-98.85799407958984,903284
