Shipped,Wasted,Stockouts,% Waste,% Stockouts,Reward,item_nbr
225.8909912109375,64.10900115966797,106.81099700927734,28.380503718186283,47.284310204977146,-170.9199981689453,903285
