Shipped,Wasted,Stockouts,% Waste,% Stockouts,Reward,item_nbr
213,335.49298095703125,0,157.50844176386443,0.0,-335.49298095703125,903285
