Shipped,Wasted,Stockouts,% Waste,% Stockouts,Reward,item_nbr
191,464.5959777832031,0,243.2439674257608,0.0,-464.5959777832031,903286
