Shipped,Wasted,Stockouts,% Waste,% Stockouts,Reward,item_nbr
94.0,66.0,24.0,70.2127659574468,25.53191489361702,-90.0,964752
