Shipped,Wasted,Stockouts,% Waste,% Stockouts,Reward,item_nbr
146.0,71.0,66.0,48.63013698630137,45.20547945205479,-137.0,968432
