Shipped,Wasted,Stockouts,% Waste,% Stockouts,Reward,item_nbr
211,58.0,199.0,27.488151658767773,94.3127962085308,-257.0,987308
