Shipped,Wasted,Stockouts,% Waste,% Stockouts,Reward,item_nbr
232.0,71.0,209.0,30.603448275862068,90.08620689655173,-280.0,987308
