Shipped,Wasted,Stockouts,% Waste,% Stockouts,Reward,item_nbr
78.0,52.0,15.0,66.66666666666666,19.230769230769234,-67.0,1036689
