Shipped,Wasted,Stockouts,% Waste,% Stockouts,Reward,item_nbr
101,24.0,19.0,23.762376237623762,18.81188118811881,-43.0,1036689
