Shipped,Wasted,Stockouts,% Waste,% Stockouts,Reward,item_nbr
81.0,57.0,50.0,70.37037037037037,61.72839506172839,-107.0,1037857
