Shipped,Wasted,Stockouts,% Waste,% Stockouts,Reward,item_nbr
107,61.0,14.0,57.009345794392516,13.084112149532709,-75.0,1037857
