Shipped,Wasted,Stockouts,% Waste,% Stockouts,Reward,item_nbr
79.0,23.0,22.0,29.11392405063291,27.848101265822784,-45.0,1047685
