Shipped,Wasted,Stockouts,% Waste,% Stockouts,Reward,item_nbr
125.0,58.0,29.0,46.400000000000006,23.200000000000003,-87.0,1047690
