Shipped,Wasted,Stockouts,% Waste,% Stockouts,Reward,item_nbr
62.0,38.0,41.0,61.29032258064516,66.12903225806451,-79.0,1047790
