Shipped,Wasted,Stockouts,% Waste,% Stockouts,Reward,item_nbr
91,82.0,25.0,90.10989010989012,27.472527472527474,-107.0,1047790
