Shipped,Wasted,Stockouts,% Waste,% Stockouts,Reward,item_nbr
401.0,200.0,82.0,49.87531172069826,20.448877805486283,-282.0,1047679
