Shipped,Wasted,Stockouts,% Waste,% Stockouts,Reward,item_nbr
234,453.0,5.0,193.5897435897436,2.1367521367521367,-458.0,1047679
