Shipped,Wasted,Stockouts,% Waste,% Stockouts,Reward,item_nbr
178.0,43.0,160.0,24.15730337078652,89.8876404494382,-203.0,1052563
