Shipped,Wasted,Stockouts,% Waste,% Stockouts,Reward,item_nbr
189,135.0,37.0,71.42857142857143,19.576719576719576,-172.0,1052563
