Shipped,Wasted,Stockouts,% Waste,% Stockouts,Reward,item_nbr
134.0,47.0,100.0,35.07462686567165,74.6268656716418,-147.0,1114566
