Shipped,Wasted,Stockouts,% Waste,% Stockouts,Reward,item_nbr
142.0,79.0,8.0,55.633802816901415,5.633802816901409,-87.0,1143685
