Shipped,Wasted,Stockouts,% Waste,% Stockouts,Reward,item_nbr
70.0,34.0,6.0,48.57142857142857,8.571428571428571,-40.0,1146795
