Shipped,Wasted,Stockouts,% Waste,% Stockouts,Reward,item_nbr
115,39.0,22.0,33.91304347826087,19.130434782608695,-61.0,1146795
