Shipped,Wasted,Stockouts,% Waste,% Stockouts,Reward,item_nbr
142.0,62.0,83.0,43.66197183098591,58.45070422535211,-145.0,1146786
