Shipped,Wasted,Stockouts,% Waste,% Stockouts,Reward,item_nbr
145.0,9.0,37.0,6.206896551724138,25.517241379310345,-46.0,1146496
