Shipped,Wasted,Stockouts,% Waste,% Stockouts,Reward,item_nbr
153,78.0,19.0,50.98039215686274,12.418300653594772,-97.0,1146496
