Shipped,Wasted,Stockouts,% Waste,% Stockouts,Reward,item_nbr
66.0,27.0,22.0,40.909090909090914,33.33333333333333,-49.0,115611
