Shipped,Wasted,Stockouts,% Waste,% Stockouts,Reward,item_nbr
87,42.0,5.0,48.275862068965516,5.747126436781609,-47.0,1157564
