Shipped,Wasted,Stockouts,% Waste,% Stockouts,Reward,item_nbr
88.0,29.0,13.0,32.95454545454545,14.772727272727273,-42.0,1157564
