Shipped,Wasted,Stockouts,% Waste,% Stockouts,Reward,item_nbr
99,40.0,31.0,40.4040404040404,31.313131313131315,-71.0,116017
