Shipped,Wasted,Stockouts,% Waste,% Stockouts,Reward,item_nbr
95.0,28.0,83.0,29.47368421052631,87.36842105263159,-111.0,116017
