Shipped,Wasted,Stockouts,% Waste,% Stockouts,Reward,item_nbr
144.0,100.0,31.0,69.44444444444444,21.52777777777778,-131.0,1162382
