Shipped,Wasted,Stockouts,% Waste,% Stockouts,Reward,item_nbr
296.0,139.0,162.0,46.95945945945946,54.729729729729726,-301.0,1167614
