Shipped,Wasted,Stockouts,% Waste,% Stockouts,Reward,item_nbr
175.0,60.0,72.0,34.285714285714285,41.14285714285714,-132.0,1305845
