Shipped,Wasted,Stockouts,% Waste,% Stockouts,Reward,item_nbr
158.0,77.0,32.0,48.734177215189874,20.253164556962027,-109.0,1309297
