Shipped,Wasted,Stockouts,% Waste,% Stockouts,Reward,item_nbr
194.0,78.0,109.0,40.20618556701031,56.18556701030928,-187.0,1427659
