Shipped,Wasted,Stockouts,% Waste,% Stockouts,Reward,item_nbr
205.0,150.0,35.0,73.17073170731707,17.073170731707318,-185.0,1430040
