Shipped,Wasted,Stockouts,% Waste,% Stockouts,Reward,item_nbr
170,134.0,25.0,78.82352941176471,14.705882352941178,-159.0,1463862
