Shipped,Wasted,Stockouts,% Waste,% Stockouts,Reward,item_nbr
138,44.0,100.0,31.88405797101449,72.46376811594203,-144.0,1463867
