Shipped,Wasted,Stockouts,% Waste,% Stockouts,Reward,item_nbr
439.0,207.0,110.0,47.15261958997722,25.05694760820046,-317.0,1463993
