Shipped,Wasted,Stockouts,% Waste,% Stockouts,Reward,item_nbr
167,85.0,6.0,50.898203592814376,3.592814371257485,-91.0,1463881
