Shipped,Wasted,Stockouts,% Waste,% Stockouts,Reward,item_nbr
136.0,49.0,5.0,36.029411764705884,3.6764705882352944,-54.0,1463881
