Shipped,Wasted,Stockouts,% Waste,% Stockouts,Reward,item_nbr
236,93.0,99.0,39.40677966101695,41.94915254237288,-192.0,1463855
