Shipped,Wasted,Stockouts,% Waste,% Stockouts,Reward,item_nbr
253,114.0,69.0,45.059288537549406,27.27272727272727,-183.0,1464086
