Shipped,Wasted,Stockouts,% Waste,% Stockouts,Reward,item_nbr
169.0,62.0,6.0,36.68639053254438,3.5502958579881656,-68.0,1464086
