Shipped,Wasted,Stockouts,% Waste,% Stockouts,Reward,item_nbr
231.0,169.0,39.0,73.16017316017316,16.883116883116884,-208.0,1473404
