Shipped,Wasted,Stockouts,% Waste,% Stockouts,Reward,item_nbr
202.5,139.4499969482422,83.30500030517578,68.8641960238233,41.138271755642364,-222.7550048828125,1473410
