Shipped,Wasted,Stockouts,% Waste,% Stockouts,Reward,item_nbr
111.49400329589844,58.644996643066406,2.6650009155273438,52.59923844283004,2.3902639036599935,-61.30999755859375,1473478
