Shipped,Wasted,Stockouts,% Waste,% Stockouts,Reward,item_nbr
351,393.91400146484375,28.751998901367188,112.22621124354524,8.19145267845219,-422.66595458984375,1473474
