Shipped,Wasted,Stockouts,% Waste,% Stockouts,Reward,item_nbr
20,0,25.28799819946289,0.0,126.43999099731444,-25.28799819946289,1473393
