Shipped,Wasted,Stockouts,% Waste,% Stockouts,Reward,item_nbr
154.53500366210938,98.66200256347656,9.42599868774414,63.8444366812848,6.099588096140391,-108.08800506591797,1473428
