Shipped,Wasted,Stockouts,% Waste,% Stockouts,Reward,item_nbr
155.93499755859375,68.11299896240234,44.67900085449219,43.68037966384575,28.652324079912667,-112.79200744628906,1473482
