Shipped,Wasted,Stockouts,% Waste,% Stockouts,Reward,item_nbr
61,0,12.139999389648438,0.0,19.901638343685963,-12.139999389648438,1473474
