Shipped,Wasted,Stockouts,% Waste,% Stockouts,Reward,item_nbr
497.46600341796875,279.0140075683594,88.05599975585938,56.08705030119074,17.700908032076136,-367.07000732421875,1473474
