Shipped,Wasted,Stockouts,% Waste,% Stockouts,Reward,item_nbr
122,216.27000427246094,2.6650009155273438,177.27049530529587,2.1844269799404454,-218.93499755859375,1473478
