Shipped,Wasted,Stockouts,% Waste,% Stockouts,Reward,item_nbr
130.03199768066406,33.96800231933594,114.40899658203125,26.122802791014127,87.98526410630083,-148.3769989013672,1473393
