Shipped,Wasted,Stockouts,% Waste,% Stockouts,Reward,item_nbr
124,181.48199462890625,26.28799819946289,146.356447281376,21.199998547953943,-207.76998901367188,1473393
