Shipped,Wasted,Stockouts,% Waste,% Stockouts,Reward,item_nbr
31,7.902000427246094,0,25.49032395885837,0.0,-7.902000427246094,1473428
