Shipped,Wasted,Stockouts,% Waste,% Stockouts,Reward,item_nbr
19,0,1.6650009155273438,0.0,8.763162713301808,-1.6650009155273438,1473478
