Shipped,Wasted,Stockouts,% Waste,% Stockouts,Reward,item_nbr
175,128.3679962158203,8.402997970581055,73.35314069475446,4.801713126046317,-136.77099609375,1473410
