Shipped,Wasted,Stockouts,% Waste,% Stockouts,Reward,item_nbr
211,362.04998779296875,0,171.5876719397956,0.0,-362.04998779296875,1473428
