Shipped,Wasted,Stockouts,% Waste,% Stockouts,Reward,item_nbr
132,151.35501098632812,13.179000854492188,114.66288711085464,9.984091556433475,-164.53399658203125,1473482
