Shipped,Wasted,Stockouts,% Waste,% Stockouts,Reward,item_nbr
175,230.79400634765625,8.905998229980469,131.88228934151786,5.089141845703125,-239.70001220703125,1502392
