Shipped,Wasted,Stockouts,% Waste,% Stockouts,Reward,item_nbr
136.03900146484375,73.0,29.83599853515625,53.66108190588654,21.931944673136034,-102.83599853515625,1502392
