Shipped,Wasted,Stockouts,% Waste,% Stockouts,Reward,item_nbr
451,1188.7979736328125,0,263.59156843299616,0.0,-1188.7979736328125,1503847
