Shipped,Wasted,Stockouts,% Waste,% Stockouts,Reward,item_nbr
251.30999755859375,114.69000244140625,141.0,45.63686425354642,56.10600508128427,-255.69000244140625,1503847
