Shipped,Wasted,Stockouts,% Waste,% Stockouts,Reward,item_nbr
685.4940185546875,305.57098388671875,85.01100158691406,44.57675422624287,12.401421352465388,-390.58203125,1503844
