Shipped,Wasted,Stockouts,% Waste,% Stockouts,Reward,item_nbr
1025,1475.739990234375,45.73899841308594,143.97463319359755,4.46234130859375,-1521.47900390625,1503844
