Shipped,Wasted,Stockouts,% Waste,% Stockouts,Reward,item_nbr
157.0,62.0,101.0,39.490445859872615,64.3312101910828,-163.0,1584575
