Shipped,Wasted,Stockouts,% Waste,% Stockouts,Reward,item_nbr
198,507.81695556640625,0,256.47320988202335,0.0,-507.81695556640625,159156
