Shipped,Wasted,Stockouts,% Waste,% Stockouts,Reward,item_nbr
125.00300598144531,84.92999267578125,0,67.94236027283034,0.0,-84.92999267578125,159156
