Shipped,Wasted,Stockouts,% Waste,% Stockouts,Reward,item_nbr
253.30899047851562,164.22799682617188,0,64.83307067622648,0.0,-164.22799682617188,1642399
