Shipped,Wasted,Stockouts,% Waste,% Stockouts,Reward,item_nbr
46,19.69099998474121,0,42.806521705959156,0.0,-19.69099998474121,1642399
