Shipped,Wasted,Stockouts,% Waste,% Stockouts,Reward,item_nbr
266,338.0740051269531,0,127.0954906492305,0.0,-338.0740051269531,1642399
