Shipped,Wasted,Stockouts,% Waste,% Stockouts,Reward,item_nbr
282,85.0,15.0,30.141843971631204,5.319148936170213,-100.0,1686656
