Shipped,Wasted,Stockouts,% Waste,% Stockouts,Reward,item_nbr
158,160.2849884033203,30.404998779296875,101.44619519197488,19.243670113479038,-190.6899871826172,1693648
