Shipped,Wasted,Stockouts,% Waste,% Stockouts,Reward,item_nbr
209.70899963378906,40.0,56.795997619628906,19.074050264819945,27.08324283593489,-96.79600524902344,1693648
