Shipped,Wasted,Stockouts,% Waste,% Stockouts,Reward,item_nbr
25,0,31.404998779296875,0.0,125.61999511718751,-31.404998779296875,1693648
