Shipped,Wasted,Stockouts,% Waste,% Stockouts,Reward,item_nbr
286,421.47998046875,26.615997314453125,147.370622541521,9.306292767291302,-448.09600830078125,1695835
