Shipped,Wasted,Stockouts,% Waste,% Stockouts,Reward,item_nbr
228.95199584960938,126.31200408935547,101.90399169921875,55.16964533138442,44.508889874957,-228.21600341796875,1695835
