Shipped,Wasted,Stockouts,% Waste,% Stockouts,Reward,item_nbr
38,7.089000701904297,0,18.655265005011305,0.0,-7.089000701904297,1751174
