Shipped,Wasted,Stockouts,% Waste,% Stockouts,Reward,item_nbr
234,421.64599609375,0,180.19059662126068,0.0,-421.64599609375,1751174
