Shipped,Wasted,Stockouts,% Waste,% Stockouts,Reward,item_nbr
161.88099670410156,85.08900451660156,1.2960014343261719,52.56268879548212,0.800588988647693,-86.38500213623047,1751174
