Shipped,Wasted,Stockouts,% Waste,% Stockouts,Reward,item_nbr
118,23.0,23.0,19.491525423728813,19.491525423728813,-46.0,215352
