Shipped,Wasted,Stockouts,% Waste,% Stockouts,Reward,item_nbr
108.0,31.0,33.0,28.703703703703702,30.555555555555557,-64.0,219150
