Shipped,Wasted,Stockouts,% Waste,% Stockouts,Reward,item_nbr
140.0,67.0,11.0,47.85714285714286,7.857142857142857,-78.0,220435
