Shipped,Wasted,Stockouts,% Waste,% Stockouts,Reward,item_nbr
133,76.0,7.0,57.14285714285714,5.263157894736842,-83.0,220435
