Shipped,Wasted,Stockouts,% Waste,% Stockouts,Reward,item_nbr
98,53.0,5.0,54.08163265306123,5.1020408163265305,-58.0,222879
