Shipped,Wasted,Stockouts,% Waste,% Stockouts,Reward,item_nbr
86.0,19.0,34.0,22.093023255813954,39.53488372093023,-53.0,222879
