Shipped,Wasted,Stockouts,% Waste,% Stockouts,Reward,item_nbr
88.0,41.0,85.0,46.590909090909086,96.5909090909091,-126.0,257847
