Shipped,Wasted,Stockouts,% Waste,% Stockouts,Reward,item_nbr
138,170.0,2.0,123.18840579710144,1.4492753623188406,-172.0,261052
