Shipped,Wasted,Stockouts,% Waste,% Stockouts,Reward,item_nbr
167.0,60.0,50.0,35.92814371257485,29.94011976047904,-110.0,261052
