Shipped,Wasted,Stockouts,% Waste,% Stockouts,Reward,item_nbr
181.0,97.0,100.0,53.591160220994475,55.24861878453039,-197.0,265559
