Shipped,Wasted,Stockouts,% Waste,% Stockouts,Reward,item_nbr
74.0,28.0,28.0,37.83783783783784,37.83783783783784,-56.0,273528
