Shipped,Wasted,Stockouts,% Waste,% Stockouts,Reward,item_nbr
164.0,58.0,3.0,35.36585365853659,1.8292682926829267,-61.0,305080
