Shipped,Wasted,Stockouts,% Waste,% Stockouts,Reward,item_nbr
157.0,92.0,28.0,58.59872611464968,17.8343949044586,-120.0,314384
