Shipped,Wasted,Stockouts,% Waste,% Stockouts,Reward,item_nbr
187.0,75.0,114.0,40.106951871657756,60.962566844919785,-189.0,320682
