Shipped,Wasted,Stockouts,% Waste,% Stockouts,Reward,item_nbr
217.0,92.0,7.0,42.3963133640553,3.225806451612903,-99.0,364606
