Shipped,Wasted,Stockouts,% Waste,% Stockouts,Reward,item_nbr
176.0,101.0,60.0,57.38636363636363,34.090909090909086,-161.0,364738
