Shipped,Wasted,Stockouts,% Waste,% Stockouts,Reward,item_nbr
90.0,49.0,7.0,54.44444444444444,7.777777777777778,-56.0,410257
