Shipped,Wasted,Stockouts,% Waste,% Stockouts,Reward,item_nbr
114.0,35.0,33.0,30.701754385964914,28.947368421052634,-68.0,414353
