Shipped,Wasted,Stockouts,% Waste,% Stockouts,Reward,item_nbr
155.0,56.0,154.0,36.12903225806451,99.35483870967742,-210.0,414750
