Shipped,Wasted,Stockouts,% Waste,% Stockouts,Reward,item_nbr
106.99099731445312,84.30599975585938,0,78.79728376405247,0.0,-84.30599975585938,457928
