Shipped,Wasted,Stockouts,% Waste,% Stockouts,Reward,item_nbr
22,13.008999824523926,0,59.13181738419966,0.0,-13.008999824523926,457928
