Shipped,Wasted,Stockouts,% Waste,% Stockouts,Reward,item_nbr
65.0,32.0,14.0,49.23076923076923,21.53846153846154,-46.0,464374
