Shipped,Wasted,Stockouts,% Waste,% Stockouts,Reward,item_nbr
176.0,80.0,4.0,45.45454545454545,2.272727272727273,-84.0,502331
