Shipped,Wasted,Stockouts,% Waste,% Stockouts,Reward,item_nbr
84.23300170898438,77.0,0,91.41310227317602,0.0,-77.0,507969
