Shipped,Wasted,Stockouts,% Waste,% Stockouts,Reward,item_nbr
62.0,40.0,4.0,64.51612903225806,6.451612903225806,-44.0,510054
