Shipped,Wasted,Stockouts,% Waste,% Stockouts,Reward,item_nbr
138.0,45.0,34.0,32.608695652173914,24.637681159420293,-79.0,518091
