Shipped,Wasted,Stockouts,% Waste,% Stockouts,Reward,item_nbr
164.0,68.0,29.0,41.46341463414634,17.682926829268293,-97.0,559870
