Shipped,Wasted,Stockouts,% Waste,% Stockouts,Reward,item_nbr
86.0,30.0,16.0,34.883720930232556,18.6046511627907,-46.0,564287
