Shipped,Wasted,Stockouts,% Waste,% Stockouts,Reward,item_nbr
114.0,60.0,26.0,52.63157894736842,22.807017543859647,-86.0,564533
