Shipped,Wasted,Stockouts,% Waste,% Stockouts,Reward,item_nbr
79.0,18.0,5.0,22.78481012658228,6.329113924050633,-23.0,581078
