Shipped,Wasted,Stockouts,% Waste,% Stockouts,Reward,item_nbr
162.90000915527344,87.20500183105469,0,53.53284034989366,0.0,-87.20500183105469,582864
