Shipped,Wasted,Stockouts,% Waste,% Stockouts,Reward,item_nbr
41,25.104999542236328,0,61.23170620057641,0.0,-25.104999542236328,582864
