Shipped,Wasted,Stockouts,% Waste,% Stockouts,Reward,item_nbr
58,37.827999114990234,0,65.2206881292935,0.0,-37.827999114990234,584028
