Shipped,Wasted,Stockouts,% Waste,% Stockouts,Reward,item_nbr
260.2149963378906,133.46600341796875,43.207000732421875,51.290665525157664,16.604346921004254,-176.67300415039062,584028
