Shipped,Wasted,Stockouts,% Waste,% Stockouts,Reward,item_nbr
288.0,93.9010009765625,46.49500274658203,32.60451422797309,16.144098175896538,-140.39601135253906,584126
