Shipped,Wasted,Stockouts,% Waste,% Stockouts,Reward,item_nbr
41,0,31.323997497558594,0.0,76.39999389648438,-31.323997497558594,584126
