Shipped,Wasted,Stockouts,% Waste,% Stockouts,Reward,item_nbr
41,0,62.16600036621094,0.0,151.62439113709985,-62.16600036621094,587157
