Shipped,Wasted,Stockouts,% Waste,% Stockouts,Reward,item_nbr
249,0,235.19198608398438,0.0,94.4546128851343,-235.19198608398438,587157
