Shipped,Wasted,Stockouts,% Waste,% Stockouts,Reward,item_nbr
97.0,12.0,49.0,12.371134020618557,50.51546391752577,-61.0,621300
