Shipped,Wasted,Stockouts,% Waste,% Stockouts,Reward,item_nbr
135.0,80.0,68.0,59.25925925925925,50.37037037037037,-148.0,807493
