Shipped,Wasted,Stockouts,% Waste,% Stockouts,Reward,item_nbr
132,112.0,52.0,84.84848484848484,39.39393939393939,-164.0,839362
