Shipped,Wasted,Stockouts,% Waste,% Stockouts,Reward,item_nbr
54.0,31.0,4.0,57.407407407407405,7.4074074074074066,-35.0,839363
