Shipped,Wasted,Stockouts,% Waste,% Stockouts,Reward,item_nbr
70.0,34.0,53.0,48.57142857142857,75.71428571428571,-87.0,841842
