Shipped,Wasted,Stockouts,% Waste,% Stockouts,Reward,item_nbr
51.0,31.0,24.0,60.78431372549019,47.05882352941176,-55.0,862454
