Shipped,Wasted,Stockouts,% Waste,% Stockouts,Reward,item_nbr
163,179.49298095703125,0,110.11839322517254,0.0,-179.49298095703125,903285
