Shipped,Wasted,Stockouts,% Waste,% Stockouts,Reward,item_nbr
130,218.14700317382812,0,167.80538705679086,0.0,-218.14700317382812,903284
