Shipped,Wasted,Stockouts,% Waste,% Stockouts,Reward,item_nbr
174.197998046875,108.802001953125,60.970001220703125,62.458813059290975,35.00040293476661,-169.77200317382812,903286
