Shipped,Wasted,Stockouts,% Waste,% Stockouts,Reward,item_nbr
147,316.5959777832031,0,215.37141345796132,0.0,-316.5959777832031,903286
