Shipped,Wasted,Stockouts,% Waste,% Stockouts,Reward,item_nbr
23,14.336999893188477,0,62.334782144297726,0.0,-14.336999893188477,903286
