Shipped,Wasted,Stockouts,% Waste,% Stockouts,Reward,item_nbr
22,15.469999313354492,0,70.31817869706587,0.0,-15.469999313354492,903284
