Shipped,Wasted,Stockouts,% Waste,% Stockouts,Reward,item_nbr
111.20500183105469,51.544002532958984,33.10900115966797,46.3504353979202,29.772942416716074,-84.65299224853516,903284
