Shipped,Wasted,Stockouts,% Waste,% Stockouts,Reward,item_nbr
231.87599182128906,54.124000549316406,100.81099700927734,23.34178718727842,43.47625479354247,-154.93499755859375,903285
