Shipped,Wasted,Stockouts,% Waste,% Stockouts,Reward,item_nbr
91.0,47.0,29.0,51.64835164835166,31.868131868131865,-76.0,964752
