Shipped,Wasted,Stockouts,% Waste,% Stockouts,Reward,item_nbr
135.0,60.0,79.0,44.44444444444444,58.51851851851851,-139.0,968432
