Shipped,Wasted,Stockouts,% Waste,% Stockouts,Reward,item_nbr
193,44.0,217.0,22.797927461139896,112.43523316062176,-261.0,987308
