Shipped,Wasted,Stockouts,% Waste,% Stockouts,Reward,item_nbr
327.0,197.0,209.0,60.24464831804281,63.91437308868502,-406.0,987308
