Shipped,Wasted,Stockouts,% Waste,% Stockouts,Reward,item_nbr
102,42.0,23.0,41.17647058823529,22.54901960784314,-65.0,1036689
