Shipped,Wasted,Stockouts,% Waste,% Stockouts,Reward,item_nbr
94.0,65.0,15.0,69.14893617021278,15.957446808510639,-80.0,1036689
