Shipped,Wasted,Stockouts,% Waste,% Stockouts,Reward,item_nbr
96,52.0,25.0,54.166666666666664,26.041666666666668,-77.0,1037857
