Shipped,Wasted,Stockouts,% Waste,% Stockouts,Reward,item_nbr
105.0,62.0,46.0,59.04761904761905,43.80952380952381,-108.0,1037857
