Shipped,Wasted,Stockouts,% Waste,% Stockouts,Reward,item_nbr
79,23.0,10.0,29.11392405063291,12.658227848101266,-33.0,1047685
