Shipped,Wasted,Stockouts,% Waste,% Stockouts,Reward,item_nbr
62.0,38.0,42.0,61.29032258064516,67.74193548387096,-80.0,1047790
