Shipped,Wasted,Stockouts,% Waste,% Stockouts,Reward,item_nbr
91.0,22.0,13.0,24.175824175824175,14.285714285714285,-35.0,1047685
