Shipped,Wasted,Stockouts,% Waste,% Stockouts,Reward,item_nbr
383.0,206.0,163.0,53.78590078328982,42.55874673629243,-369.0,1047679
