Shipped,Wasted,Stockouts,% Waste,% Stockouts,Reward,item_nbr
193,340.0,7.0,176.1658031088083,3.6269430051813467,-347.0,1047679
