Shipped,Wasted,Stockouts,% Waste,% Stockouts,Reward,item_nbr
184,98.0,42.0,53.2608695652174,22.82608695652174,-140.0,1052563
