Shipped,Wasted,Stockouts,% Waste,% Stockouts,Reward,item_nbr
158.0,42.0,179.0,26.582278481012654,113.29113924050634,-221.0,1052563
