Shipped,Wasted,Stockouts,% Waste,% Stockouts,Reward,item_nbr
97.0,26.0,123.0,26.804123711340207,126.8041237113402,-149.0,1114566
