Shipped,Wasted,Stockouts,% Waste,% Stockouts,Reward,item_nbr
135.0,86.0,13.0,63.70370370370371,9.62962962962963,-99.0,1143685
