Shipped,Wasted,Stockouts,% Waste,% Stockouts,Reward,item_nbr
112,36.0,25.0,32.142857142857146,22.321428571428573,-61.0,1146795
