Shipped,Wasted,Stockouts,% Waste,% Stockouts,Reward,item_nbr
67.0,32.0,9.0,47.76119402985074,13.432835820895523,-41.0,1146795
