Shipped,Wasted,Stockouts,% Waste,% Stockouts,Reward,item_nbr
171,178.0,3.0,104.09356725146199,1.7543859649122806,-181.0,1146786
