Shipped,Wasted,Stockouts,% Waste,% Stockouts,Reward,item_nbr
176.0,106.0,82.0,60.22727272727273,46.590909090909086,-188.0,1146786
