Shipped,Wasted,Stockouts,% Waste,% Stockouts,Reward,item_nbr
139,53.0,22.0,38.1294964028777,15.827338129496402,-75.0,1146496
