Shipped,Wasted,Stockouts,% Waste,% Stockouts,Reward,item_nbr
158.0,9.0,25.0,5.69620253164557,15.822784810126583,-34.0,1146496
