Shipped,Wasted,Stockouts,% Waste,% Stockouts,Reward,item_nbr
74.0,32.0,23.0,43.24324324324324,31.08108108108108,-55.0,115611
