Shipped,Wasted,Stockouts,% Waste,% Stockouts,Reward,item_nbr
92.0,33.0,18.0,35.869565217391305,19.565217391304348,-51.0,1157564
