Shipped,Wasted,Stockouts,% Waste,% Stockouts,Reward,item_nbr
82.0,29.0,99.0,35.36585365853659,120.73170731707317,-128.0,116017
