Shipped,Wasted,Stockouts,% Waste,% Stockouts,Reward,item_nbr
291.0,159.0,170.0,54.63917525773196,58.4192439862543,-329.0,1167614
