Shipped,Wasted,Stockouts,% Waste,% Stockouts,Reward,item_nbr
165.0,48.0,74.0,29.09090909090909,44.84848484848485,-122.0,1305845
