Shipped,Wasted,Stockouts,% Waste,% Stockouts,Reward,item_nbr
129.0,68.0,49.0,52.71317829457365,37.98449612403101,-117.0,1309297
