Shipped,Wasted,Stockouts,% Waste,% Stockouts,Reward,item_nbr
179.0,51.0,117.0,28.49162011173184,65.36312849162012,-168.0,1427659
