Shipped,Wasted,Stockouts,% Waste,% Stockouts,Reward,item_nbr
137,255.0,29.0,186.13138686131387,21.16788321167883,-284.0,1427659
