Shipped,Wasted,Stockouts,% Waste,% Stockouts,Reward,item_nbr
85.0,48.0,1.0,56.470588235294116,1.1764705882352942,-49.0,1463867
