Shipped,Wasted,Stockouts,% Waste,% Stockouts,Reward,item_nbr
397.0,189.0,147.0,47.607052896725435,37.02770780856423,-336.0,1463993
