Shipped,Wasted,Stockouts,% Waste,% Stockouts,Reward,item_nbr
452.0,179.0,33.0,39.60176991150443,7.300884955752212,-212.0,1463992
