Shipped,Wasted,Stockouts,% Waste,% Stockouts,Reward,item_nbr
162,80.0,13.0,49.382716049382715,8.024691358024691,-93.0,1463881
