Shipped,Wasted,Stockouts,% Waste,% Stockouts,Reward,item_nbr
137.0,81.0,51.0,59.12408759124088,37.22627737226277,-132.0,1463855
