Shipped,Wasted,Stockouts,% Waste,% Stockouts,Reward,item_nbr
242,113.0,16.0,46.69421487603306,6.6115702479338845,-129.0,1463860
