Shipped,Wasted,Stockouts,% Waste,% Stockouts,Reward,item_nbr
156.0,52.0,56.0,33.33333333333333,35.8974358974359,-108.0,1463862
