Shipped,Wasted,Stockouts,% Waste,% Stockouts,Reward,item_nbr
131.0,45.0,11.0,34.35114503816794,8.396946564885496,-56.0,1463881
