Shipped,Wasted,Stockouts,% Waste,% Stockouts,Reward,item_nbr
149,100.0,31.0,67.11409395973155,20.80536912751678,-131.0,1463862
