Shipped,Wasted,Stockouts,% Waste,% Stockouts,Reward,item_nbr
131,41.0,107.0,31.297709923664126,81.67938931297711,-148.0,1463867
