Shipped,Wasted,Stockouts,% Waste,% Stockouts,Reward,item_nbr
261,113.0,59.0,43.29501915708812,22.60536398467433,-172.0,1464086
