Shipped,Wasted,Stockouts,% Waste,% Stockouts,Reward,item_nbr
611.4660034179688,329.0140075683594,44.055999755859375,53.807408053634866,7.204979428062301,-373.07000732421875,1473474
