Shipped,Wasted,Stockouts,% Waste,% Stockouts,Reward,item_nbr
199,336.0499572753906,0,168.8693252640154,0.0,-336.0499572753906,1473428
