Shipped,Wasted,Stockouts,% Waste,% Stockouts,Reward,item_nbr
235.0,157.0,32.0,66.80851063829788,13.617021276595745,-189.0,1473404
