Shipped,Wasted,Stockouts,% Waste,% Stockouts,Reward,item_nbr
173,114.36799621582031,8.402997970581055,66.10866833284412,4.857224260451477,-122.77099609375,1473410
