Shipped,Wasted,Stockouts,% Waste,% Stockouts,Reward,item_nbr
192,125.45399475097656,77.80500030517578,65.34062226613364,40.523437658945724,-203.2589874267578,1473410
