Shipped,Wasted,Stockouts,% Waste,% Stockouts,Reward,item_nbr
99,156.27001953125,1.6650009155273438,157.8485045770202,1.6818191065932766,-157.93499755859375,1473478
