Shipped,Wasted,Stockouts,% Waste,% Stockouts,Reward,item_nbr
94.49400329589844,37.147003173828125,1.6650009155273438,39.31149266425514,1.76201754339221,-38.81200408935547,1473478
