Shipped,Wasted,Stockouts,% Waste,% Stockouts,Reward,item_nbr
364,431.91400146484375,25.751998901367188,118.65769271012192,7.0747249729030734,-457.66595458984375,1473474
