Shipped,Wasted,Stockouts,% Waste,% Stockouts,Reward,item_nbr
156.19699096679688,87.0,13.763998031616211,55.69889628571255,8.811948262525783,-100.76399993896484,1473428
