Shipped,Wasted,Stockouts,% Waste,% Stockouts,Reward,item_nbr
109.03199768066406,29.968000411987305,131.40899658203125,27.485509803973706,120.52333202855327,-161.3769989013672,1473393
