Shipped,Wasted,Stockouts,% Waste,% Stockouts,Reward,item_nbr
110,129.48199462890625,26.28799819946289,117.7109042080966,23.898180181329902,-155.76998901367188,1473393
