Shipped,Wasted,Stockouts,% Waste,% Stockouts,Reward,item_nbr
164.93499755859375,73.56599426269531,46.67900085449219,44.60302261596162,28.3014530241887,-120.24501037597656,1473482
