Shipped,Wasted,Stockouts,% Waste,% Stockouts,Reward,item_nbr
122,131.35501098632812,14.179000854492188,107.66804179207223,11.622131847944415,-145.53399658203125,1473482
