Shipped,Wasted,Stockouts,% Waste,% Stockouts,Reward,item_nbr
159,185.79400634765625,3.9059982299804688,116.85157631928067,2.4566026603650744,-189.70001220703125,1502392
