Shipped,Wasted,Stockouts,% Waste,% Stockouts,Reward,item_nbr
118.83599853515625,65.96099853515625,41.83599853515625,55.505906752357085,35.20481928948454,-107.7969970703125,1502392
