Shipped,Wasted,Stockouts,% Waste,% Stockouts,Reward,item_nbr
415,1004.7979736328125,0,242.11999364646087,0.0,-1004.7979736328125,1503847
