Shipped,Wasted,Stockouts,% Waste,% Stockouts,Reward,item_nbr
1045,1630.739990234375,25.738998413085938,156.05167370663875,2.4630620490991326,-1656.47900390625,1503844
