Shipped,Wasted,Stockouts,% Waste,% Stockouts,Reward,item_nbr
694.7769775390625,362.2879943847656,92.72799682617188,52.144501918876074,13.346440631153241,-455.0159912109375,1503844
