Shipped,Wasted,Stockouts,% Waste,% Stockouts,Reward,item_nbr
282.30999755859375,132.69000244140625,113.00000762939453,47.00152441957579,40.02692380950528,-245.69000244140625,1503847
