Shipped,Wasted,Stockouts,% Waste,% Stockouts,Reward,item_nbr
178.0,44.0,75.0,24.719101123595504,42.13483146067416,-119.0,1584575
