Shipped,Wasted,Stockouts,% Waste,% Stockouts,Reward,item_nbr
148.20401000976562,97.72899627685547,0,65.94220781908385,0.0,-97.72899627685547,159156
