Shipped,Wasted,Stockouts,% Waste,% Stockouts,Reward,item_nbr
204,541.8169555664062,0,265.5965468462776,0.0,-541.8169555664062,159156
