Shipped,Wasted,Stockouts,% Waste,% Stockouts,Reward,item_nbr
297.3089904785156,208.22799682617188,0,70.03757151475007,0.0,-208.22799682617188,1642399
