Shipped,Wasted,Stockouts,% Waste,% Stockouts,Reward,item_nbr
246,278.07403564453125,0,113.03822587176067,0.0,-278.07403564453125,1642399
