Shipped,Wasted,Stockouts,% Waste,% Stockouts,Reward,item_nbr
291,113.0,18.0,38.83161512027492,6.185567010309279,-131.0,1686656
