Shipped,Wasted,Stockouts,% Waste,% Stockouts,Reward,item_nbr
158,172.2849884033203,32.404998779296875,109.04113190083564,20.50949289828916,-204.6899871826172,1693648
