Shipped,Wasted,Stockouts,% Waste,% Stockouts,Reward,item_nbr
187.70899963378906,21.29100227355957,67.08699798583984,11.342558063330612,35.739894260117126,-88.37800598144531,1693648
