Shipped,Wasted,Stockouts,% Waste,% Stockouts,Reward,item_nbr
270,322.47998046875,29.615997314453125,119.43702980324073,10.968887894241899,-352.09600830078125,1695835
