Shipped,Wasted,Stockouts,% Waste,% Stockouts,Reward,item_nbr
221.95199584960938,110.31200408935547,96.90399169921875,49.70083898867072,43.65988750327757,-207.21600341796875,1695835
