Shipped,Wasted,Stockouts,% Waste,% Stockouts,Reward,item_nbr
136.88099670410156,71.08900451660156,18.296001434326172,51.93489690192431,13.36635608657717,-89.38500213623047,1751174
