Shipped,Wasted,Stockouts,% Waste,% Stockouts,Reward,item_nbr
221,394.64599609375,0,178.5728489111991,0.0,-394.64599609375,1751174
