Shipped,Wasted,Stockouts,% Waste,% Stockouts,Reward,item_nbr
114,22.0,27.0,19.298245614035086,23.684210526315788,-49.0,215352
