Shipped,Wasted,Stockouts,% Waste,% Stockouts,Reward,item_nbr
112.0,33.0,30.0,29.464285714285715,26.785714285714285,-63.0,219150
