Shipped,Wasted,Stockouts,% Waste,% Stockouts,Reward,item_nbr
143.0,87.0,13.0,60.83916083916085,9.090909090909092,-100.0,220435
