Shipped,Wasted,Stockouts,% Waste,% Stockouts,Reward,item_nbr
142,104.0,6.0,73.23943661971832,4.225352112676056,-110.0,220435
