Shipped,Wasted,Stockouts,% Waste,% Stockouts,Reward,item_nbr
93,19.0,30.0,20.43010752688172,32.25806451612903,-49.0,222879
