Shipped,Wasted,Stockouts,% Waste,% Stockouts,Reward,item_nbr
93,40.0,6.0,43.01075268817204,6.451612903225806,-46.0,222879
