Shipped,Wasted,Stockouts,% Waste,% Stockouts,Reward,item_nbr
109.0,58.0,78.0,53.21100917431193,71.55963302752293,-136.0,257847
