Shipped,Wasted,Stockouts,% Waste,% Stockouts,Reward,item_nbr
179.0,51.0,52.0,28.49162011173184,29.05027932960894,-103.0,261052
