Shipped,Wasted,Stockouts,% Waste,% Stockouts,Reward,item_nbr
179.0,81.0,104.0,45.2513966480447,58.10055865921788,-185.0,265559
