Shipped,Wasted,Stockouts,% Waste,% Stockouts,Reward,item_nbr
207,41.0,11.0,19.806763285024154,5.314009661835748,-52.0,265559
