Shipped,Wasted,Stockouts,% Waste,% Stockouts,Reward,item_nbr
72.0,32.0,30.0,44.44444444444444,41.66666666666667,-62.0,273528
