Shipped,Wasted,Stockouts,% Waste,% Stockouts,Reward,item_nbr
186.0,100.0,24.0,53.76344086021505,12.903225806451612,-124.0,314384
