Shipped,Wasted,Stockouts,% Waste,% Stockouts,Reward,item_nbr
193.0,94.0,126.0,48.704663212435236,65.28497409326425,-220.0,320682
