Shipped,Wasted,Stockouts,% Waste,% Stockouts,Reward,item_nbr
95.0,47.0,6.0,49.473684210526315,6.315789473684211,-53.0,410257
