Shipped,Wasted,Stockouts,% Waste,% Stockouts,Reward,item_nbr
113.0,33.0,34.0,29.20353982300885,30.08849557522124,-67.0,414353
