Shipped,Wasted,Stockouts,% Waste,% Stockouts,Reward,item_nbr
162.0,56.0,144.0,34.5679012345679,88.88888888888889,-200.0,414750
