Shipped,Wasted,Stockouts,% Waste,% Stockouts,Reward,item_nbr
132.0,108.21400451660156,0,81.98030645197089,0.0,-108.21400451660156,457928
