Shipped,Wasted,Stockouts,% Waste,% Stockouts,Reward,item_nbr
76.0,36.0,18.0,47.368421052631575,23.684210526315788,-54.0,464374
