Shipped,Wasted,Stockouts,% Waste,% Stockouts,Reward,item_nbr
188.0,86.0,1.0,45.744680851063826,0.5319148936170213,-87.0,502331
