Shipped,Wasted,Stockouts,% Waste,% Stockouts,Reward,item_nbr
79.42300415039062,74.0,0,93.17199820328888,0.0,-74.0,507969
