Shipped,Wasted,Stockouts,% Waste,% Stockouts,Reward,item_nbr
62.0,39.0,4.0,62.903225806451616,6.451612903225806,-43.0,510054
