Shipped,Wasted,Stockouts,% Waste,% Stockouts,Reward,item_nbr
202.0,111.0,22.0,54.95049504950495,10.891089108910892,-133.0,559870
