Shipped,Wasted,Stockouts,% Waste,% Stockouts,Reward,item_nbr
82.0,12.0,2.0,14.634146341463413,2.4390243902439024,-14.0,581078
