Shipped,Wasted,Stockouts,% Waste,% Stockouts,Reward,item_nbr
164.90000915527344,75.20500183105469,0,45.60642671659285,0.0,-75.20500183105469,582864
