Shipped,Wasted,Stockouts,% Waste,% Stockouts,Reward,item_nbr
225.1719970703125,107.50900268554688,55.25,47.745280978245255,24.536798855475606,-162.75900268554688,584028
