Shipped,Wasted,Stockouts,% Waste,% Stockouts,Reward,item_nbr
270.0,75.9010009765625,58.49500274658203,28.111481843171298,21.66481583206742,-134.39601135253906,584126
