Shipped,Wasted,Stockouts,% Waste,% Stockouts,Reward,item_nbr
336.79498291015625,8.205001831054688,147.39700317382812,2.436200729641944,43.764607744512595,-155.60198974609375,587157
