Shipped,Wasted,Stockouts,% Waste,% Stockouts,Reward,item_nbr
103.0,29.0,43.0,28.155339805825243,41.74757281553398,-72.0,621300
