Shipped,Wasted,Stockouts,% Waste,% Stockouts,Reward,item_nbr
134.0,76.0,69.0,56.71641791044776,51.49253731343284,-145.0,807493
