Shipped,Wasted,Stockouts,% Waste,% Stockouts,Reward,item_nbr
230.0,90.0,160.0,39.130434782608695,69.56521739130434,-250.0,819932
