Shipped,Wasted,Stockouts,% Waste,% Stockouts,Reward,item_nbr
142,100.0,37.0,70.4225352112676,26.056338028169012,-137.0,839362
