Shipped,Wasted,Stockouts,% Waste,% Stockouts,Reward,item_nbr
53.0,33.0,4.0,62.264150943396224,7.547169811320755,-37.0,839363
