Shipped,Wasted,Stockouts,% Waste,% Stockouts,Reward,item_nbr
109,33.0,15.0,30.275229357798167,13.761467889908257,-48.0,841842
