Shipped,Wasted,Stockouts,% Waste,% Stockouts,Reward,item_nbr
65.0,36.0,56.0,55.38461538461539,86.15384615384616,-92.0,841842
