Shipped,Wasted,Stockouts,% Waste,% Stockouts,Reward,item_nbr
53.0,37.0,24.0,69.81132075471697,45.28301886792453,-61.0,862454
