Shipped,Wasted,Stockouts,% Waste,% Stockouts,Reward,item_nbr
127,208.14700317382812,0,163.89527808962845,0.0,-208.14700317382812,903284
