Shipped,Wasted,Stockouts,% Waste,% Stockouts,Reward,item_nbr
120.20500183105469,40.189002990722656,30.10900115966797,33.4337193781731,25.04804350985782,-70.2979965209961,903284
