Shipped,Wasted,Stockouts,% Waste,% Stockouts,Reward,item_nbr
146,281.59600830078125,0,192.87397828820633,0.0,-281.59600830078125,903286
