Shipped,Wasted,Stockouts,% Waste,% Stockouts,Reward,item_nbr
157.65699768066406,87.34300231933594,68.97000122070312,55.40065052884625,43.746869619071774,-156.31300354003906,903286
