Shipped,Wasted,Stockouts,% Waste,% Stockouts,Reward,item_nbr
195,292.49298095703125,0,149.99640049078528,0.0,-292.49298095703125,903285
