Shipped,Wasted,Stockouts,% Waste,% Stockouts,Reward,item_nbr
240.8909912109375,47.10900115966797,106.81099700927734,19.556148996214105,44.339971566536384,-153.9199981689453,903285
