Shipped,Wasted,Stockouts,% Waste,% Stockouts,Reward,item_nbr
89.0,38.0,27.0,42.69662921348314,30.337078651685395,-65.0,964752
