Shipped,Wasted,Stockouts,% Waste,% Stockouts,Reward,item_nbr
110.0,42.0,96.0,38.18181818181819,87.27272727272727,-138.0,968432
