Shipped,Wasted,Stockouts,% Waste,% Stockouts,Reward,item_nbr
407.0,263.0,197.0,64.61916461916462,48.402948402948404,-460.0,987308
