Shipped,Wasted,Stockouts,% Waste,% Stockouts,Reward,item_nbr
172,16.0,238.0,9.30232558139535,138.37209302325581,-254.0,987308
