Shipped,Wasted,Stockouts,% Waste,% Stockouts,Reward,item_nbr
20,0,14.179000854492188,0.0,70.89500427246094,-14.179000854492188,1473482
