Shipped,Wasted,Stockouts,% Waste,% Stockouts,Reward,item_nbr
28,0,10.058998107910156,0.0,35.924993242536274,-10.058998107910156,1473410
