Shipped,Wasted,Stockouts,% Waste,% Stockouts,Reward,item_nbr
21,0,13.179000854492188,0.0,62.757146926153276,-13.179000854492188,1473482
