Shipped,Wasted,Stockouts,% Waste,% Stockouts,Reward,item_nbr
34,10.902000427246094,0,32.0647071389591,0.0,-10.902000427246094,1473428
