Shipped,Wasted,Stockouts,% Waste,% Stockouts,Reward,item_nbr
60,0,13.139999389648438,0.0,21.899998982747395,-13.139999389648438,1473474
