Shipped,Wasted,Stockouts,% Waste,% Stockouts,Reward,item_nbr
18,0,2.6650009155273438,0.0,14.805560641818577,-2.6650009155273438,1473478
