Shipped,Wasted,Stockouts,% Waste,% Stockouts,Reward,item_nbr
23,0,16.90599822998047,0.0,73.50434013034986,-16.90599822998047,1502392
