Shipped,Wasted,Stockouts,% Waste,% Stockouts,Reward,item_nbr
30,0,9.905998229980469,0.0,33.0199940999349,-9.905998229980469,1502392
