Shipped,Wasted,Stockouts,% Waste,% Stockouts,Reward,item_nbr
147,0,68.73899841308594,0.0,46.761223410262545,-68.73899841308594,1503844
