Shipped,Wasted,Stockouts,% Waste,% Stockouts,Reward,item_nbr
84,60.95199966430664,0,72.56190436226981,0.0,-60.95199966430664,1503847
