Shipped,Wasted,Stockouts,% Waste,% Stockouts,Reward,item_nbr
167,0,48.73899841308594,0.0,29.18502898987182,-48.73899841308594,1503844
