Shipped,Wasted,Stockouts,% Waste,% Stockouts,Reward,item_nbr
86,62.95199966430664,0,73.19999960965889,0.0,-62.95199966430664,1503847
