Shipped,Wasted,Stockouts,% Waste,% Stockouts,Reward,item_nbr
31,22.76099967956543,0,73.42257961150138,0.0,-22.76099967956543,159156
