Shipped,Wasted,Stockouts,% Waste,% Stockouts,Reward,item_nbr
34,25.76099967956543,0,75.76764611636891,0.0,-25.76099967956543,159156
