Shipped,Wasted,Stockouts,% Waste,% Stockouts,Reward,item_nbr
48,21.69099998474121,0,45.18958330154419,0.0,-21.69099998474121,1642399
