Shipped,Wasted,Stockouts,% Waste,% Stockouts,Reward,item_nbr
27,0,29.404998779296875,0.0,108.90740288628473,-29.404998779296875,1693648
