Shipped,Wasted,Stockouts,% Waste,% Stockouts,Reward,item_nbr
50,0,22.615997314453125,0.0,45.23199462890625,-22.615997314453125,1695835
