Shipped,Wasted,Stockouts,% Waste,% Stockouts,Reward,item_nbr
42,0,30.615997314453125,0.0,72.89523170107887,-30.615997314453125,1695835
