Shipped,Wasted,Stockouts,% Waste,% Stockouts,Reward,item_nbr
24,18.57699966430664,0,77.40416526794434,0.0,-18.57699966430664,507969
