Shipped,Wasted,Stockouts,% Waste,% Stockouts,Reward,item_nbr
25,19.57699966430664,0,78.30799865722656,0.0,-19.57699966430664,507969
