Shipped,Wasted,Stockouts,% Waste,% Stockouts,Reward,item_nbr
38,22.104999542236328,0,58.1710514269377,0.0,-22.104999542236328,582864
