Shipped,Wasted,Stockouts,% Waste,% Stockouts,Reward,item_nbr
51,30.827999114990234,0,60.44705708821615,0.0,-30.827999114990234,584028
