Shipped,Wasted,Stockouts,% Waste,% Stockouts,Reward,item_nbr
46,0,26.323997497558594,0.0,57.22608151643173,-26.323997497558594,584126
