Shipped,Wasted,Stockouts,% Waste,% Stockouts,Reward,item_nbr
44,0,59.16600036621094,0.0,134.4681826504794,-59.16600036621094,587157
