Shipped,Wasted,Stockouts,% Waste,% Stockouts,Reward,item_nbr
27,4.108999252319336,0,15.218515749330875,0.0,-4.108999252319336,903285
