Shipped,Wasted,Stockouts,% Waste,% Stockouts,Reward,item_nbr
24,15.336999893188477,0,63.90416622161865,0.0,-15.336999893188477,903286
