Shipped,Wasted,Stockouts,% Waste,% Stockouts,Reward,item_nbr
51,27.902000427246094,0,54.70980475930607,0.0,-27.902000427246094,1473428
