Shipped,Wasted,Stockouts,% Waste,% Stockouts,Reward,item_nbr
49,25.902000427246094,0,52.861225361726724,0.0,-25.902000427246094,1473428
