Shipped,Wasted,Stockouts,% Waste,% Stockouts,Reward,item_nbr
87,13.860000610351562,0,15.93103518431214,0.0,-13.860000610351562,1473474
