Shipped,Wasted,Stockouts,% Waste,% Stockouts,Reward,item_nbr
30,0,15.28799819946289,0.0,50.95999399820964,-15.28799819946289,1473393
