Shipped,Wasted,Stockouts,% Waste,% Stockouts,Reward,item_nbr
29,8.334999084472656,0,28.741376153353986,0.0,-8.334999084472656,1473478
