Shipped,Wasted,Stockouts,% Waste,% Stockouts,Reward,item_nbr
86,12.860000610351562,0,14.953489081804141,0.0,-12.860000610351562,1473474
