Shipped,Wasted,Stockouts,% Waste,% Stockouts,Reward,item_nbr
32,0,2.1790008544921875,0.0,6.809377670288086,-2.1790008544921875,1473482
