Shipped,Wasted,Stockouts,% Waste,% Stockouts,Reward,item_nbr
42,2.0940017700195312,0,4.985718500046503,0.0,-2.0940017700195312,1502392
