Shipped,Wasted,Stockouts,% Waste,% Stockouts,Reward,item_nbr
240,24.261001586914062,0,10.108750661214193,0.0,-24.261001586914062,1503844
