Shipped,Wasted,Stockouts,% Waste,% Stockouts,Reward,item_nbr
110,86.95199584960938,0,79.04726895419034,0.0,-86.95199584960938,1503847
