Shipped,Wasted,Stockouts,% Waste,% Stockouts,Reward,item_nbr
242,26.261001586914062,0,10.851653548311596,0.0,-26.261001586914062,1503844
