Shipped,Wasted,Stockouts,% Waste,% Stockouts,Reward,item_nbr
51,42.76100158691406,0,83.84510115081189,0.0,-42.76100158691406,159156
