Shipped,Wasted,Stockouts,% Waste,% Stockouts,Reward,item_nbr
70,0,2.615997314453125,0.0,3.737139020647321,-2.615997314453125,1695835
