Shipped,Wasted,Stockouts,% Waste,% Stockouts,Reward,item_nbr
73,0.384002685546875,0,0.5260310760916096,0.0,-0.384002685546875,1695835
