Shipped,Wasted,Stockouts,% Waste,% Stockouts,Reward,item_nbr
56,25.089000701904297,0,44.80178696768625,0.0,-25.089000701904297,1751174
