Shipped,Wasted,Stockouts,% Waste,% Stockouts,Reward,item_nbr
55,24.089000701904297,0,43.79818309437145,0.0,-24.089000701904297,1751174
