Shipped,Wasted,Stockouts,% Waste,% Stockouts,Reward,item_nbr
34,25.00899887084961,0,73.55587903191062,0.0,-25.00899887084961,457928
