Shipped,Wasted,Stockouts,% Waste,% Stockouts,Reward,item_nbr
37,31.57699966430664,0,85.3432423359639,0.0,-31.57699966430664,507969
