Shipped,Wasted,Stockouts,% Waste,% Stockouts,Reward,item_nbr
85,64.8280029296875,0,76.26823874080883,0.0,-64.8280029296875,584028
