Shipped,Wasted,Stockouts,% Waste,% Stockouts,Reward,item_nbr
84,63.827999114990234,0,75.98571323213123,0.0,-63.827999114990234,584028
