Shipped,Wasted,Stockouts,% Waste,% Stockouts,Reward,item_nbr
66,0,6.323997497558594,0.0,9.581814390240293,-6.323997497558594,584126
