Shipped,Wasted,Stockouts,% Waste,% Stockouts,Reward,item_nbr
66,0,37.16600036621094,0.0,56.312121766986266,-37.16600036621094,587157
