Shipped,Wasted,Stockouts,% Waste,% Stockouts,Reward,item_nbr
65,0,38.16600036621094,0.0,58.71692364032452,-38.16600036621094,587157
