Shipped,Wasted,Stockouts,% Waste,% Stockouts,Reward,item_nbr
37,28.336999893188477,0,76.58648619780669,0.0,-28.336999893188477,903286
