Shipped,Wasted,Stockouts,% Waste,% Stockouts,Reward,item_nbr
32,25.469999313354492,0,79.59374785423279,0.0,-25.469999313354492,903284
