Shipped,Wasted,Stockouts,% Waste,% Stockouts,Reward,item_nbr
33,26.469999313354492,0,80.21211913137725,0.0,-26.469999313354492,903284
