Shipped,Wasted,Stockouts,% Waste,% Stockouts,Reward,item_nbr
40,17.108999252319336,0,42.77249813079834,0.0,-17.108999252319336,903285
