Shipped,Wasted,Stockouts,% Waste,% Stockouts,Reward,item_nbr
41,18.108999252319336,0,44.16829085931545,0.0,-18.108999252319336,903285
