Shipped,Wasted,Stockouts,% Waste,% Stockouts,Reward,item_nbr
79,2.0,28.0,2.5316455696202533,35.44303797468354,-30.0,1036689
