Shipped,Wasted,Stockouts,% Waste,% Stockouts,Reward,item_nbr
66.0,40.0,16.0,60.60606060606061,24.242424242424242,-56.0,1036689
