Shipped,Wasted,Stockouts,% Waste,% Stockouts,Reward,item_nbr
76.0,40.0,55.0,52.63157894736842,72.36842105263158,-95.0,1037857
