Shipped,Wasted,Stockouts,% Waste,% Stockouts,Reward,item_nbr
97,50.0,24.0,51.546391752577314,24.742268041237114,-74.0,1037857
