Shipped,Wasted,Stockouts,% Waste,% Stockouts,Reward,item_nbr
323.0,135.0,151.0,41.795665634674926,46.749226006191954,-286.0,1047679
