Shipped,Wasted,Stockouts,% Waste,% Stockouts,Reward,item_nbr
76,59.0,13.0,77.63157894736842,17.105263157894736,-72.0,1047685
