Shipped,Wasted,Stockouts,% Waste,% Stockouts,Reward,item_nbr
61.0,38.0,43.0,62.295081967213115,70.49180327868852,-81.0,1047790
