Shipped,Wasted,Stockouts,% Waste,% Stockouts,Reward,item_nbr
90,79.0,25.0,87.77777777777777,27.77777777777778,-104.0,1047790
