Shipped,Wasted,Stockouts,% Waste,% Stockouts,Reward,item_nbr
220,488.0,14.0,221.8181818181818,6.363636363636363,-502.0,1047679
