Shipped,Wasted,Stockouts,% Waste,% Stockouts,Reward,item_nbr
97.0,32.0,52.0,32.98969072164948,53.608247422680414,-84.0,1047690
