Shipped,Wasted,Stockouts,% Waste,% Stockouts,Reward,item_nbr
172,59.0,54.0,34.30232558139535,31.3953488372093,-113.0,1052563
