Shipped,Wasted,Stockouts,% Waste,% Stockouts,Reward,item_nbr
142.0,12.0,195.0,8.450704225352112,137.32394366197184,-207.0,1052563
