Shipped,Wasted,Stockouts,% Waste,% Stockouts,Reward,item_nbr
65,14.0,152.0,21.53846153846154,233.84615384615387,-166.0,1114566
