Shipped,Wasted,Stockouts,% Waste,% Stockouts,Reward,item_nbr
137,44.0,22.0,32.11678832116788,16.05839416058394,-66.0,1146496
