Shipped,Wasted,Stockouts,% Waste,% Stockouts,Reward,item_nbr
137.0,66.0,86.0,48.175182481751825,62.77372262773723,-152.0,1146786
