Shipped,Wasted,Stockouts,% Waste,% Stockouts,Reward,item_nbr
152,72.0,22.0,47.368421052631575,14.473684210526317,-94.0,1146786
