Shipped,Wasted,Stockouts,% Waste,% Stockouts,Reward,item_nbr
110,38.0,27.0,34.54545454545455,24.545454545454547,-65.0,1146795
