Shipped,Wasted,Stockouts,% Waste,% Stockouts,Reward,item_nbr
84,38.0,7.0,45.23809523809524,8.333333333333332,-45.0,1157564
