Shipped,Wasted,Stockouts,% Waste,% Stockouts,Reward,item_nbr
79.0,24.0,18.0,30.37974683544304,22.78481012658228,-42.0,1157564
