Shipped,Wasted,Stockouts,% Waste,% Stockouts,Reward,item_nbr
53.0,32.0,12.0,60.37735849056604,22.641509433962266,-44.0,1157329
