Shipped,Wasted,Stockouts,% Waste,% Stockouts,Reward,item_nbr
73.0,57.0,2.0,78.08219178082192,2.73972602739726,-59.0,1158720
