Shipped,Wasted,Stockouts,% Waste,% Stockouts,Reward,item_nbr
83,29.0,45.0,34.93975903614458,54.21686746987952,-74.0,116017
