Shipped,Wasted,Stockouts,% Waste,% Stockouts,Reward,item_nbr
78.0,20.0,98.0,25.64102564102564,125.64102564102564,-118.0,116017
