Shipped,Wasted,Stockouts,% Waste,% Stockouts,Reward,item_nbr
139.0,26.0,27.0,18.705035971223023,19.424460431654676,-53.0,1162382
