Shipped,Wasted,Stockouts,% Waste,% Stockouts,Reward,item_nbr
227.0,101.0,222.0,44.49339207048458,97.79735682819384,-323.0,1167614
