Shipped,Wasted,Stockouts,% Waste,% Stockouts,Reward,item_nbr
149.0,31.0,81.0,20.80536912751678,54.36241610738255,-112.0,1305845
