Shipped,Wasted,Stockouts,% Waste,% Stockouts,Reward,item_nbr
134.0,71.0,54.0,52.98507462686567,40.298507462686565,-125.0,1309297
