Shipped,Wasted,Stockouts,% Waste,% Stockouts,Reward,item_nbr
283,167.0,6.0,59.01060070671378,2.1201413427561837,-173.0,1333307
