Shipped,Wasted,Stockouts,% Waste,% Stockouts,Reward,item_nbr
112,191.0,30.0,170.53571428571428,26.785714285714285,-221.0,1427659
