Shipped,Wasted,Stockouts,% Waste,% Stockouts,Reward,item_nbr
171.0,48.0,132.0,28.07017543859649,77.19298245614034,-180.0,1427659
