Shipped,Wasted,Stockouts,% Waste,% Stockouts,Reward,item_nbr
131.0,84.0,52.0,64.12213740458014,39.69465648854962,-136.0,1430040
