Shipped,Wasted,Stockouts,% Waste,% Stockouts,Reward,item_nbr
193,70.0,139.0,36.26943005181347,72.02072538860104,-209.0,1463855
