Shipped,Wasted,Stockouts,% Waste,% Stockouts,Reward,item_nbr
284.0,148.0,236.0,52.112676056338024,83.09859154929578,-384.0,1463993
