Shipped,Wasted,Stockouts,% Waste,% Stockouts,Reward,item_nbr
116.0,64.0,49.0,55.172413793103445,42.241379310344826,-113.0,1463855
