Shipped,Wasted,Stockouts,% Waste,% Stockouts,Reward,item_nbr
395.0,157.0,59.0,39.74683544303797,14.936708860759493,-216.0,1463992
