Shipped,Wasted,Stockouts,% Waste,% Stockouts,Reward,item_nbr
145.0,32.0,68.0,22.06896551724138,46.89655172413793,-100.0,1463862
