Shipped,Wasted,Stockouts,% Waste,% Stockouts,Reward,item_nbr
231,95.0,34.0,41.125541125541126,14.71861471861472,-129.0,1463860
