Shipped,Wasted,Stockouts,% Waste,% Stockouts,Reward,item_nbr
152,73.0,14.0,48.026315789473685,9.210526315789473,-87.0,1463881
