Shipped,Wasted,Stockouts,% Waste,% Stockouts,Reward,item_nbr
121.0,23.0,19.0,19.00826446280992,15.702479338842975,-42.0,1463881
