Shipped,Wasted,Stockouts,% Waste,% Stockouts,Reward,item_nbr
131,34.0,107.0,25.954198473282442,81.67938931297711,-141.0,1463867
