Shipped,Wasted,Stockouts,% Waste,% Stockouts,Reward,item_nbr
142,82.0,31.0,57.74647887323944,21.830985915492956,-113.0,1463862
