Shipped,Wasted,Stockouts,% Waste,% Stockouts,Reward,item_nbr
157.0,52.0,16.0,33.12101910828025,10.191082802547772,-68.0,1464086
