Shipped,Wasted,Stockouts,% Waste,% Stockouts,Reward,item_nbr
238,107.0,70.0,44.957983193277315,29.411764705882355,-177.0,1464086
