Shipped,Wasted,Stockouts,% Waste,% Stockouts,Reward,item_nbr
321,322.9139709472656,31.751998901367188,100.59625263154692,9.891588442793516,-354.6659851074219,1473474
