Shipped,Wasted,Stockouts,% Waste,% Stockouts,Reward,item_nbr
136.93499755859375,43.112998962402344,52.67900085449219,31.484280666784635,38.47007835374673,-95.79200744628906,1473482
