Shipped,Wasted,Stockouts,% Waste,% Stockouts,Reward,item_nbr
89.0,27.0,153.4409942626953,30.337078651685395,172.40561153111832,-180.4409942626953,1473393
