Shipped,Wasted,Stockouts,% Waste,% Stockouts,Reward,item_nbr
185.5,86.4540023803711,86.30500030517578,46.60593120235638,46.52560663351794,-172.75900268554688,1473410
