Shipped,Wasted,Stockouts,% Waste,% Stockouts,Reward,item_nbr
146,86.36799621582031,20.402997970581055,59.156161791657745,13.974656144233599,-106.77099609375,1473410
