Shipped,Wasted,Stockouts,% Waste,% Stockouts,Reward,item_nbr
221.0,124.0,47.0,56.10859728506787,21.266968325791854,-171.0,1473404
