Shipped,Wasted,Stockouts,% Waste,% Stockouts,Reward,item_nbr
81.94300079345703,35.05699920654297,14.575000762939453,42.78217647277349,17.786754966024183,-49.63200378417969,1473478
