Shipped,Wasted,Stockouts,% Waste,% Stockouts,Reward,item_nbr
136.239990234375,86.95700073242188,15.42599868774414,63.82634099050425,11.322665732144168,-102.38300323486328,1473428
