Shipped,Wasted,Stockouts,% Waste,% Stockouts,Reward,item_nbr
94,153.27001953125,6.665000915527344,163.05321226728725,7.090426505880153,-159.93499755859375,1473478
