Shipped,Wasted,Stockouts,% Waste,% Stockouts,Reward,item_nbr
171,219.0,5.590000152587891,128.0701754385965,3.269005937185901,-224.58999633789062,1473428
