Shipped,Wasted,Stockouts,% Waste,% Stockouts,Reward,item_nbr
115,114.79499816894531,16.667001724243164,99.82173753821331,14.49304497760275,-131.46200561523438,1473482
