Shipped,Wasted,Stockouts,% Waste,% Stockouts,Reward,item_nbr
319.46600341796875,150.21600341796875,126.05599975585938,47.02096680423168,39.45834561649298,-276.2720031738281,1473474
