Shipped,Wasted,Stockouts,% Waste,% Stockouts,Reward,item_nbr
100,106.48200225830078,26.28799819946289,106.48200225830078,26.28799819946289,-132.76998901367188,1473393
