Shipped,Wasted,Stockouts,% Waste,% Stockouts,Reward,item_nbr
107,52.125,39.83599853515625,48.71495327102804,37.22990517304323,-91.96099853515625,1502392
