Shipped,Wasted,Stockouts,% Waste,% Stockouts,Reward,item_nbr
137,189.79400634765625,21.90599822998047,138.5357710566834,15.989779729912751,-211.70001220703125,1502392
