Shipped,Wasted,Stockouts,% Waste,% Stockouts,Reward,item_nbr
920,1289.739990234375,81.73899841308594,140.18912937330163,8.884673740552818,-1371.47900390625,1503844
