Shipped,Wasted,Stockouts,% Waste,% Stockouts,Reward,item_nbr
302,601.7979736328125,0,199.27085219629552,0.0,-601.7979736328125,1503847
