Shipped,Wasted,Stockouts,% Waste,% Stockouts,Reward,item_nbr
250.30999755859375,108.69000244140625,141.0,43.42215792478029,56.33015116265744,-249.69000244140625,1503847
