Shipped,Wasted,Stockouts,% Waste,% Stockouts,Reward,item_nbr
653.0369873046875,337.57098388671875,156.46800231933594,51.69247538029852,23.960052089106654,-494.03900146484375,1503844
