Shipped,Wasted,Stockouts,% Waste,% Stockouts,Reward,item_nbr
120.0,28.0,124.0,23.333333333333332,103.33333333333334,-152.0,1584575
