Shipped,Wasted,Stockouts,% Waste,% Stockouts,Reward,item_nbr
116.00300598144531,50.99699401855469,3.0669994354248047,43.96178666845208,2.6438965175741838,-54.063995361328125,159156
