Shipped,Wasted,Stockouts,% Waste,% Stockouts,Reward,item_nbr
179,449.81695556640625,0,251.2943885845845,0.0,-449.81695556640625,159156
