Shipped,Wasted,Stockouts,% Waste,% Stockouts,Reward,item_nbr
188.4720001220703,136.218994140625,3.1139984130859375,72.27545420667163,1.6522339716610692,-139.3330078125,1642399
