Shipped,Wasted,Stockouts,% Waste,% Stockouts,Reward,item_nbr
205,134.07400512695312,0,65.40195372046493,0.0,-134.07400512695312,1642399
