Shipped,Wasted,Stockouts,% Waste,% Stockouts,Reward,item_nbr
208,8.0,89.0,3.8461538461538463,42.78846153846153,-97.0,1686656
