Shipped,Wasted,Stockouts,% Waste,% Stockouts,Reward,item_nbr
180.53199768066406,8.177000045776367,76.97299194335938,4.529390994853079,42.6367585426678,-85.14999389648438,1693648
