Shipped,Wasted,Stockouts,% Waste,% Stockouts,Reward,item_nbr
148,155.2849884033203,35.404998779296875,104.92228946170292,23.92229647249789,-190.6899871826172,1693648
