Shipped,Wasted,Stockouts,% Waste,% Stockouts,Reward,item_nbr
202.68800354003906,70.95199584960938,116.1679916381836,35.00552307507114,57.313698694178385,-187.11997985839844,1695835
