Shipped,Wasted,Stockouts,% Waste,% Stockouts,Reward,item_nbr
242,325.47998046875,40.615997314453125,134.49585969783058,16.783469964650052,-366.09600830078125,1695835
