Shipped,Wasted,Stockouts,% Waste,% Stockouts,Reward,item_nbr
187,241.64601135253906,0,129.22246596392463,0.0,-241.64601135253906,1751174
