Shipped,Wasted,Stockouts,% Waste,% Stockouts,Reward,item_nbr
135.88099670410156,79.08900451660156,15.296001434326172,58.204610236137796,11.256909947190918,-94.38500213623047,1751174
