Shipped,Wasted,Stockouts,% Waste,% Stockouts,Reward,item_nbr
89.0,8.0,43.0,8.98876404494382,48.31460674157304,-51.0,219150
