Shipped,Wasted,Stockouts,% Waste,% Stockouts,Reward,item_nbr
70,34.0,1.0,48.57142857142857,1.4285714285714286,-35.0,219150
