Shipped,Wasted,Stockouts,% Waste,% Stockouts,Reward,item_nbr
108.0,35.0,28.0,32.407407407407405,25.925925925925924,-63.0,220435
