Shipped,Wasted,Stockouts,% Waste,% Stockouts,Reward,item_nbr
115,54.0,17.0,46.95652173913044,14.782608695652174,-71.0,220435
