Shipped,Wasted,Stockouts,% Waste,% Stockouts,Reward,item_nbr
89,31.0,7.0,34.831460674157306,7.865168539325842,-38.0,222879
