Shipped,Wasted,Stockouts,% Waste,% Stockouts,Reward,item_nbr
76.0,16.0,35.0,21.052631578947366,46.05263157894737,-51.0,222879
