Shipped,Wasted,Stockouts,% Waste,% Stockouts,Reward,item_nbr
74.0,35.0,92.0,47.2972972972973,124.32432432432432,-127.0,257847
