Shipped,Wasted,Stockouts,% Waste,% Stockouts,Reward,item_nbr
170.0,40.0,47.0,23.52941176470588,27.647058823529413,-87.0,261052
