Shipped,Wasted,Stockouts,% Waste,% Stockouts,Reward,item_nbr
67,14.0,26.0,20.8955223880597,38.80597014925373,-40.0,265254
