Shipped,Wasted,Stockouts,% Waste,% Stockouts,Reward,item_nbr
208,44.0,14.0,21.153846153846153,6.730769230769231,-58.0,265559
