Shipped,Wasted,Stockouts,% Waste,% Stockouts,Reward,item_nbr
165.0,41.0,107.0,24.848484848484848,64.84848484848484,-148.0,265559
