Shipped,Wasted,Stockouts,% Waste,% Stockouts,Reward,item_nbr
61.0,13.0,37.0,21.311475409836063,60.65573770491803,-50.0,273528
