Shipped,Wasted,Stockouts,% Waste,% Stockouts,Reward,item_nbr
164.0,31.0,3.0,18.902439024390244,1.8292682926829267,-34.0,305080
