Shipped,Wasted,Stockouts,% Waste,% Stockouts,Reward,item_nbr
152.0,78.0,25.0,51.31578947368421,16.447368421052634,-103.0,314384
