Shipped,Wasted,Stockouts,% Waste,% Stockouts,Reward,item_nbr
86.0,20.0,36.0,23.25581395348837,41.86046511627907,-56.0,315176
