Shipped,Wasted,Stockouts,% Waste,% Stockouts,Reward,item_nbr
175.0,47.0,115.0,26.857142857142858,65.71428571428571,-162.0,320682
