Shipped,Wasted,Stockouts,% Waste,% Stockouts,Reward,item_nbr
214.0,94.0,9.0,43.925233644859816,4.205607476635514,-103.0,364606
