Shipped,Wasted,Stockouts,% Waste,% Stockouts,Reward,item_nbr
124.0,52.0,78.0,41.935483870967744,62.903225806451616,-130.0,364738
