Shipped,Wasted,Stockouts,% Waste,% Stockouts,Reward,item_nbr
84.0,30.0,13.0,35.714285714285715,15.476190476190476,-43.0,410257
