Shipped,Wasted,Stockouts,% Waste,% Stockouts,Reward,item_nbr
101.0,23.0,36.0,22.772277227722775,35.64356435643564,-59.0,414353
