Shipped,Wasted,Stockouts,% Waste,% Stockouts,Reward,item_nbr
124.0,27.0,182.0,21.774193548387096,146.7741935483871,-209.0,414750
