Shipped,Wasted,Stockouts,% Waste,% Stockouts,Reward,item_nbr
94.79499816894531,62.50200271606445,0,65.93386140972574,0.0,-62.50200271606445,457928
