Shipped,Wasted,Stockouts,% Waste,% Stockouts,Reward,item_nbr
44.0,16.0,29.0,36.36363636363637,65.9090909090909,-45.0,464374
