Shipped,Wasted,Stockouts,% Waste,% Stockouts,Reward,item_nbr
78.23300170898438,70.0,0,89.47630599729514,0.0,-70.0,507969
