Shipped,Wasted,Stockouts,% Waste,% Stockouts,Reward,item_nbr
60.0,38.0,4.0,63.33333333333333,6.666666666666667,-42.0,510054
