Shipped,Wasted,Stockouts,% Waste,% Stockouts,Reward,item_nbr
95.0,22.0,66.0,23.157894736842106,69.47368421052632,-88.0,518091
