Shipped,Wasted,Stockouts,% Waste,% Stockouts,Reward,item_nbr
144.0,49.0,38.0,34.02777777777778,26.38888888888889,-87.0,559870
