Shipped,Wasted,Stockouts,% Waste,% Stockouts,Reward,item_nbr
104.0,36.0,31.0,34.61538461538461,29.807692307692307,-67.0,564533
