Shipped,Wasted,Stockouts,% Waste,% Stockouts,Reward,item_nbr
74.0,15.0,10.0,20.27027027027027,13.513513513513514,-25.0,581078
