Shipped,Wasted,Stockouts,% Waste,% Stockouts,Reward,item_nbr
160.89999389648438,70.20500183105469,0,43.63269390564511,0.0,-70.20500183105469,582864
