Shipped,Wasted,Stockouts,% Waste,% Stockouts,Reward,item_nbr
198.1719970703125,105.50900268554688,79.25,53.241126014444774,39.990513882686294,-184.75900268554688,584028
