Shipped,Wasted,Stockouts,% Waste,% Stockouts,Reward,item_nbr
253.0,86.9010009765625,82.49500274658203,34.3482217298666,32.60672045319448,-169.39601135253906,584126
