Shipped,Wasted,Stockouts,% Waste,% Stockouts,Reward,item_nbr
212,0,272.1919860839844,0.0,128.39244626603036,-272.1919860839844,587157
