Shipped,Wasted,Stockouts,% Waste,% Stockouts,Reward,item_nbr
89.0,14.0,57.0,15.730337078651685,64.04494382022472,-71.0,621300
