Shipped,Wasted,Stockouts,% Waste,% Stockouts,Reward,item_nbr
110.0,63.0,82.0,57.27272727272727,74.54545454545455,-145.0,807493
