Shipped,Wasted,Stockouts,% Waste,% Stockouts,Reward,item_nbr
221.0,70.0,151.0,31.674208144796378,68.32579185520362,-221.0,819932
