Shipped,Wasted,Stockouts,% Waste,% Stockouts,Reward,item_nbr
53.0,31.0,4.0,58.490566037735846,7.547169811320755,-35.0,839363
