Shipped,Wasted,Stockouts,% Waste,% Stockouts,Reward,item_nbr
84.0,54.0,57.0,64.28571428571429,67.85714285714286,-111.0,839362
