Shipped,Wasted,Stockouts,% Waste,% Stockouts,Reward,item_nbr
96,26.0,28.0,27.083333333333332,29.166666666666668,-54.0,841842
