Shipped,Wasted,Stockouts,% Waste,% Stockouts,Reward,item_nbr
67.0,27.0,53.0,40.298507462686565,79.1044776119403,-80.0,841842
