Shipped,Wasted,Stockouts,% Waste,% Stockouts,Reward,item_nbr
46.0,28.0,25.0,60.86956521739131,54.347826086956516,-53.0,862454
