Shipped,Wasted,Stockouts,% Waste,% Stockouts,Reward,item_nbr
128,265.5959777832031,0,207.49685764312744,0.0,-265.5959777832031,903286
