Shipped,Wasted,Stockouts,% Waste,% Stockouts,Reward,item_nbr
119,41.8390007019043,2.891000747680664,35.158824119247306,2.4294123930089615,-44.72999954223633,903285
