Shipped,Wasted,Stockouts,% Waste,% Stockouts,Reward,item_nbr
140.96499633789062,55.03499984741211,76.66200256347656,39.04160697844036,54.383715500349524,-131.69700622558594,903286
