Shipped,Wasted,Stockouts,% Waste,% Stockouts,Reward,item_nbr
168.98500061035156,28.014999389648438,163.70199584960938,16.57839411099325,96.87368420767484,-191.7169952392578,903285
