Shipped,Wasted,Stockouts,% Waste,% Stockouts,Reward,item_nbr
89.20500183105469,48.544002532958984,50.10900115966797,54.418476023235165,56.17286041265868,-98.65299224853516,903284
