Shipped,Wasted,Stockouts,% Waste,% Stockouts,Reward,item_nbr
125,204.14700317382812,0,163.31760253906248,0.0,-204.14700317382812,903284
