Shipped,Wasted,Stockouts,% Waste,% Stockouts,Reward,item_nbr
85.0,52.0,24.0,61.1764705882353,28.235294117647058,-76.0,964752
