Shipped,Wasted,Stockouts,% Waste,% Stockouts,Reward,item_nbr
71,63.0,4.0,88.73239436619718,5.633802816901409,-67.0,964752
