Shipped,Wasted,Stockouts,% Waste,% Stockouts,Reward,item_nbr
99.0,39.0,106.0,39.39393939393939,107.07070707070707,-145.0,968432
