Shipped,Wasted,Stockouts,% Waste,% Stockouts,Reward,item_nbr
137,108.0,12.0,78.83211678832117,8.75912408759124,-120.0,968432
