Shipped,Wasted,Stockouts,% Waste,% Stockouts,Reward,item_nbr
210.0,61.0,231.0,29.04761904761905,110.00000000000001,-292.0,987308
