Shipped,Wasted,Stockouts,% Waste,% Stockouts,Reward,item_nbr
152,36.0,258.0,23.684210526315788,169.73684210526315,-294.0,987308
